Bus_name,Bus_type,Start_time,End_time,Total_duration,Price,Seats_Available,Ratings,Route_name,Route_link
HRTC - 2100720,Ordinary 3+2 Non AC Seater,05:00,14:50,09h 50m,512,37 Seats available,"4.0
4",Delhi to Shimla,https://www.redbus.in/bus-tickets/delhi-to-shimla
HRTC - 6,Himsuta AC Seater Volvo/Scania 2+2,06:45,16:10,09h 25m,912,26 Seats available,"4.5
71",Delhi to Shimla,https://www.redbus.in/bus-tickets/delhi-to-shimla
HRTC - 592,A/C Executive (2+3),08:05,18:10,10h 05m,632,41 Seats available,"4.1
20",Delhi to Shimla,https://www.redbus.in/bus-tickets/delhi-to-shimla
HRTC - 129,Ordinary 3+2 Non AC Seater,08:50,18:40,09h 50m,512,37 Seats available,"3.4
5",Delhi to Shimla,https://www.redbus.in/bus-tickets/delhi-to-shimla
HRTC - 7,Himsuta AC Seater Volvo/Scania 2+2,09:25,18:30,09h 05m,912,18 Seats available,"3.4
29",Delhi to Shimla,https://www.redbus.in/bus-tickets/delhi-to-shimla
HRTC - 657,Ordinary 3+2 Non AC Seater,11:00,22:00,11h 00m,512,30 Seats available,"4.1
9",Delhi to Shimla,https://www.redbus.in/bus-tickets/delhi-to-shimla
HRTC - 515,Ordinary 3+2 Non AC Seater,12:30,22:50,10h 20m,512,37 Seats available,"1.5
4",Delhi to Shimla,https://www.redbus.in/bus-tickets/delhi-to-shimla
HRTC - 551,A/C Executive (2+3),15:30,01:30,10h 00m,632,41 Seats available,"4.5
4",Delhi to Shimla,https://www.redbus.in/bus-tickets/delhi-to-shimla
HRTC - 525,Ordinary 3+2 Non AC Seater,16:50,03:00,10h 10m,512,25 Seats available,"3.7
23",Delhi to Shimla,https://www.redbus.in/bus-tickets/delhi-to-shimla
HRTC - 532,Ordinary 3+2 Non AC Seater,17:59,04:15,10h 16m,512,26 Seats available,"4.3
6",Delhi to Shimla,https://www.redbus.in/bus-tickets/delhi-to-shimla
HRTC - 301,Ordinary 3+2 Non AC Seater,19:43,05:30,09h 47m,512,27 Seats available,"4.5
84",Delhi to Shimla,https://www.redbus.in/bus-tickets/delhi-to-shimla
HRTC - 591,A/C Executive (2+3),21:00,07:20,10h 20m,632,29 Seats available,"3.1
6",Delhi to Shimla,https://www.redbus.in/bus-tickets/delhi-to-shimla
HRTC - 8,Himsuta AC Seater Volvo/Scania 2+2,21:02,06:30,09h 28m,912,12 Seats available,"4.5
64",Delhi to Shimla,https://www.redbus.in/bus-tickets/delhi-to-shimla
HRTC - 570,Ordinary 3+2 Non AC Seater,21:25,06:45,09h 20m,512,35 Seats available,"3.7
29",Delhi to Shimla,https://www.redbus.in/bus-tickets/delhi-to-shimla
HRTC - 9,Himsuta AC Seater Volvo/Scania 2+2,22:00,07:30,09h 30m,912,6 Seats available,"3.3
4",Delhi to Shimla,https://www.redbus.in/bus-tickets/delhi-to-shimla
RSRTC - 192344,Super Luxury Volvo AC Seater Pushback 2+2,03:00,14:00,11h 00m,1117,31 Seats available,"3.1
35",Delhi to Shimla,https://www.redbus.in/bus-tickets/delhi-to-shimla
Bedi Travels,Volvo A/C Semi Sleeper (2+2),23:00,08:00,09h 00m,1034,11 Seats available,"4.7
989",Delhi to Shimla,https://www.redbus.in/bus-tickets/delhi-to-shimla
Zingbus Plus,Bharat Benz A/C Semi Sleeper (2+2),22:35,08:10,09h 35m,1189,20 Seats available,"4.7
561",Delhi to Shimla,https://www.redbus.in/bus-tickets/delhi-to-shimla
Laxmi holidays,Scania Multi-Axle AC Semi Sleeper (2+2),23:30,08:00,08h 30m,1199,26 Seats available,"4.6
676",Delhi to Shimla,https://www.redbus.in/bus-tickets/delhi-to-shimla
Ram Dalal Holidays,Mercedes Multi-Axle Semi Sleeper (2+2),23:00,07:40,08h 40m,1007,30 Seats available,"4.3
468",Delhi to Shimla,https://www.redbus.in/bus-tickets/delhi-to-shimla
HRTC - 101,Ordinary 3+2 Non AC Seater,06:12,17:00,10h 48m,512,35 Seats available,"4.8
43",Shimla to Delhi,https://www.redbus.in/bus-tickets/shimla-to-delhi
HRTC - 1,Himsuta AC Seater Volvo/Scania 2+2,08:30,17:30,09h 00m,912,17 Seats available,"4.7
40",Shimla to Delhi,https://www.redbus.in/bus-tickets/shimla-to-delhi
HRTC - 109,A/C Executive (2+3),09:12,18:44,09h 32m,632,35 Seats available,"4.6
39",Shimla to Delhi,https://www.redbus.in/bus-tickets/shimla-to-delhi
HRTC - 128,Ordinary 3+2 Non AC Seater,10:18,20:00,09h 42m,512,33 Seats available,"4.4
45",Shimla to Delhi,https://www.redbus.in/bus-tickets/shimla-to-delhi
HRTC - 2,Himsuta AC Seater Volvo/Scania 2+2,11:15,20:00,08h 45m,912,23 Seats available,"4.4
38",Shimla to Delhi,https://www.redbus.in/bus-tickets/shimla-to-delhi
HRTC - 102,Ordinary 3+2 Non AC Seater,11:18,20:50,09h 32m,512,37 Seats available,"4.7
28",Shimla to Delhi,https://www.redbus.in/bus-tickets/shimla-to-delhi
HRTC - 103,Ordinary 3+2 Non AC Seater,17:18,02:15,08h 57m,512,36 Seats available,"4.9
10",Shimla to Delhi,https://www.redbus.in/bus-tickets/shimla-to-delhi
HRTC - 181,Ordinary 3+2 Non AC Seater,17:50,04:15,10h 25m,512,37 Seats available,New,Shimla to Delhi,https://www.redbus.in/bus-tickets/shimla-to-delhi
HRTC - 104,A/C Executive (2+3),18:20,04:30,10h 10m,632,44 Seats available,4.4,Shimla to Delhi,https://www.redbus.in/bus-tickets/shimla-to-delhi
HRTC - 188,Ordinary 3+2 Non AC Seater,19:25,04:57,09h 32m,512,37 Seats available,"4.9
17",Shimla to Delhi,https://www.redbus.in/bus-tickets/shimla-to-delhi
HRTC - 74,Himsuta AC Seater Volvo/Scania 2+2,20:00,05:00,09h 00m,912,23 Seats available,,Shimla to Delhi,https://www.redbus.in/bus-tickets/shimla-to-delhi
HRTC - 1711,Ordinary 3+2 Non AC Seater,20:00,05:30,09h 30m,512,35 Seats available,,Shimla to Delhi,https://www.redbus.in/bus-tickets/shimla-to-delhi
HRTC - 3,Himsuta AC Seater Volvo/Scania 2+2,21:00,06:00,09h 00m,912,7 Seats available,,Shimla to Delhi,https://www.redbus.in/bus-tickets/shimla-to-delhi
HRTC - 108,A/C Executive (2+3),21:20,06:52,09h 32m,632,44 Seats available,,Shimla to Delhi,https://www.redbus.in/bus-tickets/shimla-to-delhi
HRTC - 1712,Ordinary 3+2 Non AC Seater,21:30,06:00,08h 30m,512,30 Seats available,,Shimla to Delhi,https://www.redbus.in/bus-tickets/shimla-to-delhi
RSRTC - 192348,Super Luxury Volvo AC Seater Pushback 2+2,16:30,02:30,10h 00m,1117,35 Seats available,,Shimla to Delhi,https://www.redbus.in/bus-tickets/shimla-to-delhi
Bedi Travels,Volvo A/C Semi Sleeper (2+2),21:30,05:30,08h 00m,729,20 Seats available,,Shimla to Delhi,https://www.redbus.in/bus-tickets/shimla-to-delhi
Zingbus Plus,Bharat Benz A/C Semi Sleeper (2+2),20:30,05:10,08h 40m,495,17 Seats available,,Shimla to Delhi,https://www.redbus.in/bus-tickets/shimla-to-delhi
Laxmi holidays,Scania Multi-Axle AC Semi Sleeper (2+2),20:30,04:30,08h 00m,599,29 Seats available,,Shimla to Delhi,https://www.redbus.in/bus-tickets/shimla-to-delhi
Laxmi holidays,Volvo A/C Semi Sleeper (2+2),10:30,19:30,09h 00m,599,10 Seats available,,Shimla to Delhi,https://www.redbus.in/bus-tickets/shimla-to-delhi
HRTC - 566,Ordinary 3+2 Non AC Seater,02:20,07:30,05h 10m,334,37 Seats available,,Chandigarh to Hamirpur (Himachal Pradesh),https://www.redbus.in/bus-tickets/chandigarh-to-hamirpur-himachal-pradesh
HRTC - 401669,Ordinary 3+2 Non AC Seater,10:35,14:40,04h 05m,310,36 Seats available,,Chandigarh to Hamirpur (Himachal Pradesh),https://www.redbus.in/bus-tickets/chandigarh-to-hamirpur-himachal-pradesh
HRTC - 9236,A/C Executive (2+3),12:05,16:10,04h 05m,340,39 Seats available,,Chandigarh to Hamirpur (Himachal Pradesh),https://www.redbus.in/bus-tickets/chandigarh-to-hamirpur-himachal-pradesh
HRTC - 1515,Ordinary 3+2 Non AC Seater,13:20,20:15,06h 55m,373,37 Seats available,,Chandigarh to Hamirpur (Himachal Pradesh),https://www.redbus.in/bus-tickets/chandigarh-to-hamirpur-himachal-pradesh
HRTC - 1529,Ordinary 3+2 Non AC Seater,13:56,19:05,05h 09m,364,37 Seats available,,Chandigarh to Hamirpur (Himachal Pradesh),https://www.redbus.in/bus-tickets/chandigarh-to-hamirpur-himachal-pradesh
HRTC - 1516,A/C Executive (2+3),15:00,18:50,03h 50m,340,38 Seats available,,Chandigarh to Hamirpur (Himachal Pradesh),https://www.redbus.in/bus-tickets/chandigarh-to-hamirpur-himachal-pradesh
HRTC - 1468,Ordinary 3+2 Non AC Seater,15:30,21:20,05h 50m,302,37 Seats available,,Chandigarh to Hamirpur (Himachal Pradesh),https://www.redbus.in/bus-tickets/chandigarh-to-hamirpur-himachal-pradesh
HRTC - 1546,Ordinary 3+2 Non AC Seater,16:25,21:15,04h 50m,334,27 Seats available,,Chandigarh to Hamirpur (Himachal Pradesh),https://www.redbus.in/bus-tickets/chandigarh-to-hamirpur-himachal-pradesh
HRTC - 401670,Ordinary 3+2 Non AC Seater,18:00,22:00,04h 00m,310,37 Seats available,,Chandigarh to Hamirpur (Himachal Pradesh),https://www.redbus.in/bus-tickets/chandigarh-to-hamirpur-himachal-pradesh
HRTC - 1549,Ordinary 3+2 Non AC Seater,18:15,01:00,06h 45m,362,37 Seats available,,Chandigarh to Hamirpur (Himachal Pradesh),https://www.redbus.in/bus-tickets/chandigarh-to-hamirpur-himachal-pradesh
Ram Dalal Holidays,Volvo A/C Semi Sleeper (2+2),02:00,05:55,03h 55m,665,4 Seats available,,Chandigarh to Hamirpur (Himachal Pradesh),https://www.redbus.in/bus-tickets/chandigarh-to-hamirpur-himachal-pradesh
Laxmi holidays,Volvo A/C Semi Sleeper (2+2),02:00,06:10,04h 10m,599,12 Seats available,,Chandigarh to Hamirpur (Himachal Pradesh),https://www.redbus.in/bus-tickets/chandigarh-to-hamirpur-himachal-pradesh
Ram Dalal Holidays,Volvo A/C Semi Sleeper (2+2),02:15,05:55,03h 40m,721,7 Seats available,,Chandigarh to Hamirpur (Himachal Pradesh),https://www.redbus.in/bus-tickets/chandigarh-to-hamirpur-himachal-pradesh
Bedi Travels,Volvo A/C Semi Sleeper (2+2),02:15,06:15,04h 00m,540,3 Seats available,,Chandigarh to Hamirpur (Himachal Pradesh),https://www.redbus.in/bus-tickets/chandigarh-to-hamirpur-himachal-pradesh
Laxmi holidays,Volvo A/C Semi Sleeper (2+2),02:50,07:10,04h 20m,499,14 Seats available,,Chandigarh to Hamirpur (Himachal Pradesh),https://www.redbus.in/bus-tickets/chandigarh-to-hamirpur-himachal-pradesh
Ram Dalal Holidays,Volvo A/C Semi Sleeper (2+2),21:15,01:20,04h 05m,618,28 Seats available,,Hamirpur (Himachal Pradesh) to Chandigarh,https://www.redbus.in/bus-tickets/hamirpur-himachal-pradesh-to-chandigarh
Ram Dalal Holidays,Volvo A/C Semi Sleeper (2+2),22:00,03:10,05h 10m,570,38 Seats available,,Hamirpur (Himachal Pradesh) to Chandigarh,https://www.redbus.in/bus-tickets/hamirpur-himachal-pradesh-to-chandigarh
Bedi Travels,Volvo A/C Semi Sleeper (2+2),22:05,02:05,04h 00m,620,23 Seats available,,Hamirpur (Himachal Pradesh) to Chandigarh,https://www.redbus.in/bus-tickets/hamirpur-himachal-pradesh-to-chandigarh
Laxmi holidays,Volvo A/C Semi Sleeper (2+2),20:20,01:15,04h 55m,499,39 Seats available,,Hamirpur (Himachal Pradesh) to Chandigarh,https://www.redbus.in/bus-tickets/hamirpur-himachal-pradesh-to-chandigarh
Laxmi holidays,Volvo A/C Semi Sleeper (2+2),22:20,03:15,04h 55m,499,40 Seats available,,Hamirpur (Himachal Pradesh) to Chandigarh,https://www.redbus.in/bus-tickets/hamirpur-himachal-pradesh-to-chandigarh
Northern Travels,Volvo A/C Semi Sleeper (2+2),21:45,01:30,03h 45m,570,22 Seats available,,Hamirpur (Himachal Pradesh) to Chandigarh,https://www.redbus.in/bus-tickets/hamirpur-himachal-pradesh-to-chandigarh
HRTC - 281,Himmani Deluxe 2+2 Non AC Seater,08:00,17:40,09h 40m,612,24 Seats available,,Shimla to Manali,https://www.redbus.in/bus-tickets/shimla-to-manali
HRTC - 283,Ordinary 3+2 Non AC Seater,09:15,18:55,09h 40m,556,33 Seats available,,Shimla to Manali,https://www.redbus.in/bus-tickets/shimla-to-manali
HRTC - 500,Ordinary 3+2 Non AC Seater,10:35,19:00,08h 25m,556,36 Seats available,,Shimla to Manali,https://www.redbus.in/bus-tickets/shimla-to-manali
HRTC - 290,Ordinary 3+2 Non AC Seater,19:00,05:30,10h 30m,583,25 Seats available,,Shimla to Manali,https://www.redbus.in/bus-tickets/shimla-to-manali
HRTC - 291,Himmani Deluxe 2+2 Non AC Seater,20:20,05:00,08h 40m,641,24 Seats available,,Shimla to Manali,https://www.redbus.in/bus-tickets/shimla-to-manali
HRTC - 154,Himsuta AC Seater Volvo/Scania 2+2,21:00,06:10,09h 10m,963,16 Seats available,,Shimla to Manali,https://www.redbus.in/bus-tickets/shimla-to-manali
KRISHNA TRANSPORT SHIMLA,NON A/C Seater Push Back (2+2),08:20,16:30,08h 10m,666,20 Seats available,,Shimla to Manali,https://www.redbus.in/bus-tickets/shimla-to-manali
HRTC - 689,A/C Executive (2+3),05:20,10:30,05h 10m,400,38 Seats available,,Delhi to Chandigarh,https://www.redbus.in/bus-tickets/delhi-to-chandigarh
HRTC - 886,Ordinary 3+2 Non AC Seater,06:20,12:10,05h 50m,290,36 Seats available,,Delhi to Chandigarh,https://www.redbus.in/bus-tickets/delhi-to-chandigarh
HRTC - 505,Ordinary 3+2 Non AC Seater,06:40,12:20,05h 40m,285,36 Seats available,,Delhi to Chandigarh,https://www.redbus.in/bus-tickets/delhi-to-chandigarh
HRTC - 533,Ordinary 3+2 Non AC Seater,07:20,12:30,05h 10m,290,37 Seats available,,Delhi to Chandigarh,https://www.redbus.in/bus-tickets/delhi-to-chandigarh
HRTC - 592,A/C Executive (2+3),08:05,14:05,06h 00m,400,41 Seats available,,Delhi to Chandigarh,https://www.redbus.in/bus-tickets/delhi-to-chandigarh
HRTC - 513,Ordinary 3+2 Non AC Seater,10:30,15:00,04h 30m,290,26 Seats available,,Delhi to Chandigarh,https://www.redbus.in/bus-tickets/delhi-to-chandigarh
HRTC - 514,Ordinary 3+2 Non AC Seater,11:30,17:40,06h 10m,290,37 Seats available,,Delhi to Chandigarh,https://www.redbus.in/bus-tickets/delhi-to-chandigarh
HRTC - 6754,Ordinary 3+2 Non AC Seater,12:00,17:00,05h 00m,290,41 Seats available,,Delhi to Chandigarh,https://www.redbus.in/bus-tickets/delhi-to-chandigarh
HRTC - 515,Ordinary 3+2 Non AC Seater,12:30,15:30,03h 00m,285,37 Seats available,,Delhi to Chandigarh,https://www.redbus.in/bus-tickets/delhi-to-chandigarh
HRTC - 1532,Ordinary 3+2 Non AC Seater,14:00,20:10,06h 10m,285,37 Seats available,,Delhi to Chandigarh,https://www.redbus.in/bus-tickets/delhi-to-chandigarh
HRTC - 562,Ordinary 3+2 Non AC Seater,15:15,21:10,05h 55m,285,37 Seats available,,Delhi to Chandigarh,https://www.redbus.in/bus-tickets/delhi-to-chandigarh
HRTC - 551,A/C Executive (2+3),15:30,21:05,05h 35m,400,41 Seats available,,Delhi to Chandigarh,https://www.redbus.in/bus-tickets/delhi-to-chandigarh
HRTC - 525,Ordinary 3+2 Non AC Seater,16:50,22:40,05h 50m,290,25 Seats available,,Delhi to Chandigarh,https://www.redbus.in/bus-tickets/delhi-to-chandigarh
HRTC - 526,Ordinary 3+2 Non AC Seater,17:00,23:00,06h 00m,275,37 Seats available,,Delhi to Chandigarh,https://www.redbus.in/bus-tickets/delhi-to-chandigarh
HRTC - 532,Ordinary 3+2 Non AC Seater,17:59,23:20,05h 21m,290,25 Seats available,,Delhi to Chandigarh,https://www.redbus.in/bus-tickets/delhi-to-chandigarh
HRTC - 593,Ordinary 3+2 Non AC Seater,18:20,23:40,05h 20m,290,32 Seats available,,Delhi to Chandigarh,https://www.redbus.in/bus-tickets/delhi-to-chandigarh
HRTC - 587,Ordinary 3+2 Non AC Seater,18:25,23:05,04h 40m,290,33 Seats available,,Delhi to Chandigarh,https://www.redbus.in/bus-tickets/delhi-to-chandigarh
HRTC - 549,A/C Executive (2+3),19:25,00:40,05h 15m,390,41 Seats available,,Delhi to Chandigarh,https://www.redbus.in/bus-tickets/delhi-to-chandigarh
HRTC - 548,Ordinary 3+2 Non AC Seater,19:31,00:45,05h 14m,290,25 Seats available,,Delhi to Chandigarh,https://www.redbus.in/bus-tickets/delhi-to-chandigarh
HRTC - 545,Ordinary 3+2 Non AC Seater,19:32,00:20,04h 48m,275,36 Seats available,,Delhi to Chandigarh,https://www.redbus.in/bus-tickets/delhi-to-chandigarh
NueGo,Electric A/C Seater (2+2),06:00,11:15,05h 15m,425,35 Seats available,,Delhi to Chandigarh,https://www.redbus.in/bus-tickets/delhi-to-chandigarh
City Land Travels,Volvo A/C Semi Sleeper (2+2),09:40,15:10,05h 30m,628,20 Seats available,,Delhi to Chandigarh,https://www.redbus.in/bus-tickets/delhi-to-chandigarh
Laxmi holidays,Volvo 9600 A/C Semi Sleeper (2+2),19:00,23:55,04h 55m,499,36 Seats available,,Delhi to Chandigarh,https://www.redbus.in/bus-tickets/delhi-to-chandigarh
AdOrbit Aviation Pvt Ltd,Mercedes Multi-Axle Semi Sleeper (2+2),12:55,18:55,06h 00m,459,41 Seats available,,Delhi to Chandigarh,https://www.redbus.in/bus-tickets/delhi-to-chandigarh
Laxmi holidays,Bharat Benz A/C Sleeper (2+1),23:30,04:40,05h 10m,720,34 Seats available,,Delhi to Chandigarh,https://www.redbus.in/bus-tickets/delhi-to-chandigarh
HRTC - 545,Ordinary 3+2 Non AC Seater,00:20,09:30,09h 10m,564,32 Seats available,,Chandigarh to Manali,https://www.redbus.in/bus-tickets/chandigarh-to-manali
HRTC - 1224,Ordinary 3+2 Non AC Seater,01:30,14:00,12h 30m,564,37 Seats available,,Chandigarh to Manali,https://www.redbus.in/bus-tickets/chandigarh-to-manali
HRTC - 306245,Ordinary 3+2 Non AC Seater,04:40,13:30,08h 50m,564,37 Seats available,,Chandigarh to Manali,https://www.redbus.in/bus-tickets/chandigarh-to-manali
HRTC - 1506,Himsuta AC Seater Volvo/Scania 2+2,08:50,17:00,08h 10m,965,21 Seats available,,Chandigarh to Manali,https://www.redbus.in/bus-tickets/chandigarh-to-manali
HRTC - 1545,Ordinary 3+2 Non AC Seater,08:55,17:30,08h 35m,564,27 Seats available,,Chandigarh to Manali,https://www.redbus.in/bus-tickets/chandigarh-to-manali
HRTC - 508,A/C Executive (2+3),12:00,20:10,08h 10m,594,38 Seats available,,Chandigarh to Manali,https://www.redbus.in/bus-tickets/chandigarh-to-manali
HRTC - 1519,Himsuta AC Seater Volvo/Scania 2+2,14:15,23:30,09h 15m,986,27 Seats available,,Chandigarh to Manali,https://www.redbus.in/bus-tickets/chandigarh-to-manali
HRTC - 2030250,Ordinary 3+2 Non AC Seater,16:30,22:30,06h 00m,554,37 Seats available,,Chandigarh to Manali,https://www.redbus.in/bus-tickets/chandigarh-to-manali
HRTC - 516,Ordinary 3+2 Non AC Seater,18:10,02:30,08h 20m,569,25 Seats available,,Chandigarh to Manali,https://www.redbus.in/bus-tickets/chandigarh-to-manali
HRTC - 1507,Ordinary 3+2 Non AC Seater,18:40,03:00,08h 20m,575,37 Seats available,,Chandigarh to Manali,https://www.redbus.in/bus-tickets/chandigarh-to-manali
HRTC - 58,Himsuta AC Seater Volvo/Scania 2+2,20:40,05:00,08h 20m,965,28 Seats available,,Chandigarh to Manali,https://www.redbus.in/bus-tickets/chandigarh-to-manali
HRTC - 1544,Ordinary 3+2 Non AC Seater,21:40,07:50,10h 10m,595,27 Seats available,,Chandigarh to Manali,https://www.redbus.in/bus-tickets/chandigarh-to-manali
HRTC - 1522,Himsuta AC Seater Volvo/Scania 2+2,22:00,06:30,08h 30m,965,19 Seats available,,Chandigarh to Manali,https://www.redbus.in/bus-tickets/chandigarh-to-manali
Chandigarh Transport Undertaking (CTU) - 165851,HVAC Seater (2+3),08:20,18:20,10h 00m,714.2,47 Seats available,,Chandigarh to Manali,https://www.redbus.in/bus-tickets/chandigarh-to-manali
Zingbus Plus,Volvo A/C Semi Sleeper (2+2),23:35,05:25,05h 50m,827,25 Seats available,,Chandigarh to Manali,https://www.redbus.in/bus-tickets/chandigarh-to-manali
Laxmi holidays,Volvo 9600 A/C Semi Sleeper (2+2),23:30,05:30,06h 00m,799,20 Seats available,,Chandigarh to Manali,https://www.redbus.in/bus-tickets/chandigarh-to-manali
AdGLOBAL HOLIDAYS ADVENTURE TOURS,A/C Semi Sleeper (2+2),22:25,07:00,08h 35m,525,33 Seats available,,Chandigarh to Manali,https://www.redbus.in/bus-tickets/chandigarh-to-manali
Laxmi holidays,Volvo 9600 A/C Semi Sleeper (2+2),23:45,06:00,06h 15m,799,33 Seats available,,Chandigarh to Manali,https://www.redbus.in/bus-tickets/chandigarh-to-manali
Yolo Bus,Bharat Benz A/C Semi Sleeper (2+2),23:14,10:33,11h 19m,1510,16 Seats available,,Delhi to Manali,https://www.redbus.in/bus-tickets/delhi-to-manali
Laxmi holidays,Volvo 9600 Multi Axle Semi-Sleeper (2+2),23:00,09:30,10h 30m,1399,39 Seats available,,Delhi to Manali,https://www.redbus.in/bus-tickets/delhi-to-manali
Malana Travels,Volvo 9600 Multi Axle Semi-Sleeper (2+2),21:30,07:30,10h 00m,864,17 Seats available,,Delhi to Manali,https://www.redbus.in/bus-tickets/delhi-to-manali
Ram Dalal Holidays,Volvo 9600 A/C Semi Sleeper (2+2),20:55,07:20,10h 25m,1169,26 Seats available,,Delhi to Manali,https://www.redbus.in/bus-tickets/delhi-to-manali
Laxmi holidays,Volvo 9600 A/C Semi Sleeper (2+2),19:00,06:30,11h 30m,999,27 Seats available,,Delhi to Manali,https://www.redbus.in/bus-tickets/delhi-to-manali
Zingbus Plus,Volvo A/C Semi Sleeper (2+2),17:20,05:25,12h 05m,1174,25 Seats available,,Delhi to Manali,https://www.redbus.in/bus-tickets/delhi-to-manali
Zingbus Plus,Scania Multi-Axle AC Semi Sleeper (2+2),21:15,09:40,12h 25m,1030,8 Seats available,,Delhi to Manali,https://www.redbus.in/bus-tickets/delhi-to-manali
Zingbus Plus,Volvo A/C Semi Sleeper (2+2),21:45,09:20,11h 35m,1078,10 Seats available,,Delhi to Manali,https://www.redbus.in/bus-tickets/delhi-to-manali
City Land Travels,Volvo A/C Semi Sleeper (2+2),16:30,05:30,13h 00m,763,27 Seats available,,Delhi to Manali,https://www.redbus.in/bus-tickets/delhi-to-manali
Laxmi holidays,Volvo 9600 Multi Axle Semi-Sleeper (2+2),22:00,09:30,11h 30m,1399,30 Seats available,,Delhi to Manali,https://www.redbus.in/bus-tickets/delhi-to-manali
Chandigarh Transport Undertaking (CTU) - 165853,HVAC Seater (2+3),05:05,16:30,11h 25m,714.2,47 Seats available,,Manali to Chandigarh,https://www.redbus.in/bus-tickets/manali-to-chandigarh
Laxmi holidays,Volvo 9600 Multi Axle Semi-Sleeper (2+2),22:00,03:10,05h 10m,899,41 Seats available,,Manali to Chandigarh,https://www.redbus.in/bus-tickets/manali-to-chandigarh
Zingbus Plus,Volvo A/C Semi Sleeper (2+2),21:30,03:15,05h 45m,989,14 Seats available,,Manali to Chandigarh,https://www.redbus.in/bus-tickets/manali-to-chandigarh
AdGLOBAL HOLIDAYS ADVENTURE TOURS,A/C Semi Sleeper (2+2),19:45,04:45,09h 00m,699,29 Seats available,,Manali to Chandigarh,https://www.redbus.in/bus-tickets/manali-to-chandigarh
Laxmi holidays,Volvo 9600 Multi Axle Semi-Sleeper (2+2),21:30,02:55,05h 25m,899,43 Seats available,,Manali to Chandigarh,https://www.redbus.in/bus-tickets/manali-to-chandigarh
Laxmi holidays,Volvo 9600 A/C Semi Sleeper (2+2),17:30,23:55,06h 25m,699,27 Seats available,,Manali to Chandigarh,https://www.redbus.in/bus-tickets/manali-to-chandigarh
Laxmi holidays,Volvo 9600 A/C Semi Sleeper (2+2),18:00,00:30,06h 30m,699,17 Seats available,,Manali to Chandigarh,https://www.redbus.in/bus-tickets/manali-to-chandigarh
AdKhurana Bus Service,Volvo A/C Semi Sleeper (2+2 ),20:00,01:50,05h 50m,1020,45 Seats available,,Manali to Chandigarh,https://www.redbus.in/bus-tickets/manali-to-chandigarh
Zingbus Plus,Volvo 9600 A/C Semi Sleeper (2+2),19:15,01:55,06h 40m,846,14 Seats available,,Manali to Chandigarh,https://www.redbus.in/bus-tickets/manali-to-chandigarh
Laxmi holidays,Scania Multi-Axle AC Semi Sleeper (2+2),21:40,02:50,05h 10m,799,50 Seats available,,Manali to Chandigarh,https://www.redbus.in/bus-tickets/manali-to-chandigarh
HRTC - 906,Ordinary 3+2 Non AC Seater,04:00,12:15,08h 15m,459,35 Seats available,,Dharamshala (Himachal Pradesh) to Chandigarh,https://www.redbus.in/bus-tickets/dharamshala-to-chandigarh
HRTC - 906,Ordinary 3+2 Non AC Seater,05:00,12:15,07h 15m,437,35 Seats available,,Dharamshala (Himachal Pradesh) to Chandigarh,https://www.redbus.in/bus-tickets/dharamshala-to-chandigarh
HRTC - 110,Himsuta AC Seater Volvo/Scania 2+2,05:40,14:40,09h 00m,820,31 Seats available,,Dharamshala (Himachal Pradesh) to Chandigarh,https://www.redbus.in/bus-tickets/dharamshala-to-chandigarh
HRTC - 110,Himsuta AC Seater Volvo/Scania 2+2,06:40,14:55,08h 15m,814,31 Seats available,,Dharamshala (Himachal Pradesh) to Chandigarh,https://www.redbus.in/bus-tickets/dharamshala-to-chandigarh
HRTC - 923,Ordinary 3+2 Non AC Seater,07:00,13:35,06h 35m,430,34 Seats available,,Dharamshala (Himachal Pradesh) to Chandigarh,https://www.redbus.in/bus-tickets/dharamshala-to-chandigarh
HRTC - 926,Ordinary 3+2 Non AC Seater,09:10,18:05,08h 55m,450,35 Seats available,,Dharamshala (Himachal Pradesh) to Chandigarh,https://www.redbus.in/bus-tickets/dharamshala-to-chandigarh
HRTC - 915,Ordinary 3+2 Non AC Seater,10:25,18:15,07h 50m,452,37 Seats available,,Dharamshala (Himachal Pradesh) to Chandigarh,https://www.redbus.in/bus-tickets/dharamshala-to-chandigarh
HRTC - 90,Himsuta AC Seater Volvo/Scania 2+2,11:00,19:15,08h 15m,820,30 Seats available,,Dharamshala (Himachal Pradesh) to Chandigarh,https://www.redbus.in/bus-tickets/dharamshala-to-chandigarh
HRTC - 90,Himsuta AC Seater Volvo/Scania 2+2,11:40,19:15,07h 35m,784,30 Seats available,,Dharamshala (Himachal Pradesh) to Chandigarh,https://www.redbus.in/bus-tickets/dharamshala-to-chandigarh
HRTC - 912,Ordinary 3+2 Non AC Seater,14:00,23:10,09h 10m,483,37 Seats available,,Dharamshala (Himachal Pradesh) to Chandigarh,https://www.redbus.in/bus-tickets/dharamshala-to-chandigarh
HRTC - 912,Ordinary 3+2 Non AC Seater,14:50,23:10,08h 20m,462,37 Seats available,,Dharamshala (Himachal Pradesh) to Chandigarh,https://www.redbus.in/bus-tickets/dharamshala-to-chandigarh
HRTC - 911,Ordinary 3+2 Non AC Seater,14:55,23:20,08h 25m,483,37 Seats available,,Dharamshala (Himachal Pradesh) to Chandigarh,https://www.redbus.in/bus-tickets/dharamshala-to-chandigarh
HRTC - 902,Himmani Deluxe 2+2 Non AC Seater,16:30,01:20,08h 50m,502,27 Seats available,,Dharamshala (Himachal Pradesh) to Chandigarh,https://www.redbus.in/bus-tickets/dharamshala-to-chandigarh
HRTC - 979,Ordinary 3+2 Non AC Seater,16:40,23:15,06h 35m,432,37 Seats available,,Dharamshala (Himachal Pradesh) to Chandigarh,https://www.redbus.in/bus-tickets/dharamshala-to-chandigarh
HRTC - 925,A/C Executive (2+3),18:00,02:00,08h 00m,536,44 Seats available,,Dharamshala (Himachal Pradesh) to Chandigarh,https://www.redbus.in/bus-tickets/dharamshala-to-chandigarh
HRTC - 904,Ordinary 3+2 Non AC Seater,18:30,01:30,07h 00m,454,33 Seats available,,Dharamshala (Himachal Pradesh) to Chandigarh,https://www.redbus.in/bus-tickets/dharamshala-to-chandigarh
HRTC - 925,A/C Executive (2+3),18:35,02:00,07h 25m,514,44 Seats available,,Dharamshala (Himachal Pradesh) to Chandigarh,https://www.redbus.in/bus-tickets/dharamshala-to-chandigarh
HRTC - 904,Ordinary 3+2 Non AC Seater,19:00,01:30,06h 30m,432,33 Seats available,,Dharamshala (Himachal Pradesh) to Chandigarh,https://www.redbus.in/bus-tickets/dharamshala-to-chandigarh
HRTC - 43,Himsuta AC Seater Volvo/Scania 2+2,19:00,01:15,06h 15m,852,34 Seats available,,Dharamshala (Himachal Pradesh) to Chandigarh,https://www.redbus.in/bus-tickets/dharamshala-to-chandigarh
HRTC - 13,Himsuta AC Seater Volvo/Scania 2+2,19:05,02:15,07h 10m,847,34 Seats available,,Dharamshala (Himachal Pradesh) to Chandigarh,https://www.redbus.in/bus-tickets/dharamshala-to-chandigarh
Chandigarh Transport Undertaking (CTU) - 165944,HVAC Seater (2+3),06:20,13:20,07h 00m,536.2,46 Seats available,,Dharamshala (Himachal Pradesh) to Chandigarh,https://www.redbus.in/bus-tickets/dharamshala-to-chandigarh
Laxmi holidays,Volvo 9600 A/C Semi Sleeper (2+2),18:01,00:30,06h 29m,550,32 Seats available,,Dharamshala (Himachal Pradesh) to Chandigarh,https://www.redbus.in/bus-tickets/dharamshala-to-chandigarh
Laxmi holidays,VE A/C Semi Sleeper (2+2),18:30,23:55,05h 25m,699,39 Seats available,,Dharamshala (Himachal Pradesh) to Chandigarh,https://www.redbus.in/bus-tickets/dharamshala-to-chandigarh
Zingbus Plus,Volvo Multi-Axle A/C Semisleeper (2+2),21:40,02:35,04h 55m,565,38 Seats available,,Dharamshala (Himachal Pradesh) to Chandigarh,https://www.redbus.in/bus-tickets/dharamshala-to-chandigarh
Laxmi holidays,Volvo 9600 A/C Semi Sleeper (2+2),18:00,00:30,06h 30m,550,38 Seats available,,Dharamshala (Himachal Pradesh) to Chandigarh,https://www.redbus.in/bus-tickets/dharamshala-to-chandigarh
HRTC - 101,Ordinary 3+2 Non AC Seater,06:12,10:20,04h 08m,242,37 Seats available,,Shimla to Chandigarh,https://www.redbus.in/bus-tickets/shimla-to-chandigarh
HRTC - 140,Ordinary 3+2 Non AC Seater,06:40,10:50,04h 10m,242,23 Seats available,,Shimla to Chandigarh,https://www.redbus.in/bus-tickets/shimla-to-chandigarh
HRTC - 2030271,A/C Executive (2+3),06:40,10:05,03h 25m,257,50 Seats available,,Shimla to Chandigarh,https://www.redbus.in/bus-tickets/shimla-to-chandigarh
HRTC - 141,Ordinary 3+2 Non AC Seater,07:25,10:50,03h 25m,242,35 Seats available,,Shimla to Chandigarh,https://www.redbus.in/bus-tickets/shimla-to-chandigarh
HRTC - 142,Ordinary 3+2 Non AC Seater,07:40,11:30,03h 50m,242,37 Seats available,,Shimla to Chandigarh,https://www.redbus.in/bus-tickets/shimla-to-chandigarh
HRTC - 2030269,Ordinary 3+2 Non AC Seater,08:00,11:50,03h 50m,242,37 Seats available,,Shimla to Chandigarh,https://www.redbus.in/bus-tickets/shimla-to-chandigarh
HRTC - 143,Ordinary 3+2 Non AC Seater,08:12,11:40,03h 28m,242,37 Seats available,,Shimla to Chandigarh,https://www.redbus.in/bus-tickets/shimla-to-chandigarh
HRTC - 1,Himsuta AC Seater Volvo/Scania 2+2,08:30,12:10,03h 40m,389,14 Seats available,,Shimla to Chandigarh,https://www.redbus.in/bus-tickets/shimla-to-chandigarh
HRTC - 297,Ordinary 3+2 Non AC Seater,08:48,13:30,04h 42m,242,37 Seats available,,Shimla to Chandigarh,https://www.redbus.in/bus-tickets/shimla-to-chandigarh
HRTC - 158,Ordinary 3+2 Non AC Seater,09:05,13:00,03h 55m,242,37 Seats available,,Shimla to Chandigarh,https://www.redbus.in/bus-tickets/shimla-to-chandigarh
HRTC - 109,A/C Executive (2+3),09:12,13:40,04h 28m,257,35 Seats available,,Shimla to Chandigarh,https://www.redbus.in/bus-tickets/shimla-to-chandigarh
HRTC - 145,Ordinary 3+2 Non AC Seater,09:54,14:00,04h 06m,242,37 Seats available,,Shimla to Chandigarh,https://www.redbus.in/bus-tickets/shimla-to-chandigarh
HRTC - 259,Ordinary 3+2 Non AC Seater,10:12,14:40,04h 28m,242,37 Seats available,,Shimla to Chandigarh,https://www.redbus.in/bus-tickets/shimla-to-chandigarh
HRTC - 128,Ordinary 3+2 Non AC Seater,10:18,14:30,04h 12m,242,37 Seats available,,Shimla to Chandigarh,https://www.redbus.in/bus-tickets/shimla-to-chandigarh
HRTC - 147,Ordinary 3+2 Non AC Seater,10:24,14:40,04h 16m,242,37 Seats available,,Shimla to Chandigarh,https://www.redbus.in/bus-tickets/shimla-to-chandigarh
HRTC - 1190,Ordinary 3+2 Non AC Seater,10:54,15:00,04h 06m,242,37 Seats available,,Shimla to Chandigarh,https://www.redbus.in/bus-tickets/shimla-to-chandigarh
HRTC - 152,Ordinary 3+2 Non AC Seater,11:00,15:40,04h 40m,242,27 Seats available,,Shimla to Chandigarh,https://www.redbus.in/bus-tickets/shimla-to-chandigarh
HRTC - 149,Ordinary 3+2 Non AC Seater,11:06,15:00,03h 54m,242,35 Seats available,,Shimla to Chandigarh,https://www.redbus.in/bus-tickets/shimla-to-chandigarh
HRTC - 150,Ordinary 3+2 Non AC Seater,11:12,15:00,03h 48m,242,27 Seats available,,Shimla to Chandigarh,https://www.redbus.in/bus-tickets/shimla-to-chandigarh
HRTC - 47,Himsuta AC Seater Volvo/Scania 2+2,12:25,16:10,03h 45m,389,26 Seats available,,Shimla to Chandigarh,https://www.redbus.in/bus-tickets/shimla-to-chandigarh
RSRTC - 192348,Super Luxury Volvo AC Seater Pushback 2+2,16:30,21:15,04h 45m,432,37 Seats available,,Shimla to Chandigarh,https://www.redbus.in/bus-tickets/shimla-to-chandigarh
Laxmi holidays,Volvo A/C Semi Sleeper (2+2),10:30,13:40,03h 10m,499,12 Seats available,,Shimla to Chandigarh,https://www.redbus.in/bus-tickets/shimla-to-chandigarh
Zingbus Plus,Bharat Benz A/C Semi Sleeper (2+2),20:30,23:45,03h 15m,227,23 Seats available,,Shimla to Chandigarh,https://www.redbus.in/bus-tickets/shimla-to-chandigarh
Laxmi holidays,Scania Multi-Axle AC Semi Sleeper (2+2),20:30,23:25,02h 55m,499,30 Seats available,,Shimla to Chandigarh,https://www.redbus.in/bus-tickets/shimla-to-chandigarh
Laxmi holidays,Scania Multi-Axle AC Semi Sleeper (2+2),22:30,01:15,02h 45m,499,49 Seats available,,Shimla to Chandigarh,https://www.redbus.in/bus-tickets/shimla-to-chandigarh
HRTC - 1468,Ordinary 3+2 Non AC Seater,09:15,21:20,12h 05m,567,37 Seats available,,Delhi to Hamirpur (Himachal Pradesh),https://www.redbus.in/bus-tickets/delhi-to-hamirpur-himachal-pradesh
HRTC - 416,Ordinary 3+2 Non AC Seater,17:10,04:15,11h 05m,634,37 Seats available,,Delhi to Hamirpur (Himachal Pradesh),https://www.redbus.in/bus-tickets/delhi-to-hamirpur-himachal-pradesh
HRTC - 587,Ordinary 3+2 Non AC Seater,18:25,03:30,09h 05m,580,30 Seats available,,Delhi to Hamirpur (Himachal Pradesh),https://www.redbus.in/bus-tickets/delhi-to-hamirpur-himachal-pradesh
HRTC - 540,Ordinary 3+2 Non AC Seater,19:00,08:00,13h 00m,731,37 Seats available,,Delhi to Hamirpur (Himachal Pradesh),https://www.redbus.in/bus-tickets/delhi-to-hamirpur-himachal-pradesh
HRTC - 548,Ordinary 3+2 Non AC Seater,19:31,04:45,09h 14m,580,28 Seats available,,Delhi to Hamirpur (Himachal Pradesh),https://www.redbus.in/bus-tickets/delhi-to-hamirpur-himachal-pradesh
HRTC - 552,Ordinary 3+2 Non AC Seater,19:45,05:00,09h 15m,580,33 Seats available,,Delhi to Hamirpur (Himachal Pradesh),https://www.redbus.in/bus-tickets/delhi-to-hamirpur-himachal-pradesh
HRTC - 559,Ordinary 3+2 Non AC Seater,20:29,08:05,11h 36m,643,36 Seats available,,Delhi to Hamirpur (Himachal Pradesh),https://www.redbus.in/bus-tickets/delhi-to-hamirpur-himachal-pradesh
HRTC - 566,Ordinary 3+2 Non AC Seater,21:10,07:30,10h 20m,604,36 Seats available,,Delhi to Hamirpur (Himachal Pradesh),https://www.redbus.in/bus-tickets/delhi-to-hamirpur-himachal-pradesh
HRTC - 16,Himsuta AC Seater Volvo/Scania 2+2,21:20,05:50,08h 30m,1068,8 Seats available,,Delhi to Hamirpur (Himachal Pradesh),https://www.redbus.in/bus-tickets/delhi-to-hamirpur-himachal-pradesh
HRTC - 571,Ordinary 3+2 Non AC Seater,21:40,07:50,10h 10m,634,29 Seats available,,Delhi to Hamirpur (Himachal Pradesh),https://www.redbus.in/bus-tickets/delhi-to-hamirpur-himachal-pradesh
Ram Dalal Holidays,Volvo A/C Semi Sleeper (2+2),21:20,05:55,08h 35m,618,25 Seats available,,Delhi to Hamirpur (Himachal Pradesh),https://www.redbus.in/bus-tickets/delhi-to-hamirpur-himachal-pradesh
Bedi Travels,Volvo A/C Semi Sleeper (2+2),21:30,06:15,08h 45m,719,18 Seats available,,Delhi to Hamirpur (Himachal Pradesh),https://www.redbus.in/bus-tickets/delhi-to-hamirpur-himachal-pradesh
Laxmi holidays,Volvo A/C Semi Sleeper (2+2),21:00,06:10,09h 10m,599,26 Seats available,,Delhi to Hamirpur (Himachal Pradesh),https://www.redbus.in/bus-tickets/delhi-to-hamirpur-himachal-pradesh
Ram Dalal Holidays,Volvo A/C Semi Sleeper (2+2),21:45,05:55,08h 10m,873,21 Seats available,,Delhi to Hamirpur (Himachal Pradesh),https://www.redbus.in/bus-tickets/delhi-to-hamirpur-himachal-pradesh
Northern Travels,Volvo A/C Semi Sleeper (2+2),21:30,06:40,09h 10m,570,30 Seats available,,Delhi to Hamirpur (Himachal Pradesh),https://www.redbus.in/bus-tickets/delhi-to-hamirpur-himachal-pradesh
HRTC - 6651,Ordinary 3+2 Non AC Seater,04:05,16:30,12h 25m,567,41 Seats available,,Hamirpur (Himachal Pradesh) to Delhi,https://www.redbus.in/bus-tickets/hamirpur-himachal-pradesh-to-delhi
HRTC - 617,Ordinary 3+2 Non AC Seater,07:30,19:00,11h 30m,634,35 Seats available,,Hamirpur (Himachal Pradesh) to Delhi,https://www.redbus.in/bus-tickets/hamirpur-himachal-pradesh-to-delhi
HRTC - 656,Ordinary 3+2 Non AC Seater,15:10,05:00,13h 50m,731,37 Seats available,,Hamirpur (Himachal Pradesh) to Delhi,https://www.redbus.in/bus-tickets/hamirpur-himachal-pradesh-to-delhi
HRTC - 603,Ordinary 3+2 Non AC Seater,16:40,05:00,12h 20m,643,35 Seats available,,Hamirpur (Himachal Pradesh) to Delhi,https://www.redbus.in/bus-tickets/hamirpur-himachal-pradesh-to-delhi
HRTC - 602,Ordinary 3+2 Non AC Seater,17:20,04:00,10h 40m,604,36 Seats available,,Hamirpur (Himachal Pradesh) to Delhi,https://www.redbus.in/bus-tickets/hamirpur-himachal-pradesh-to-delhi
HRTC - 601,Ordinary 3+2 Non AC Seater,18:30,04:30,10h 00m,580,23 Seats available,,Hamirpur (Himachal Pradesh) to Delhi,https://www.redbus.in/bus-tickets/hamirpur-himachal-pradesh-to-delhi
HRTC - 651,Ordinary 3+2 Non AC Seater,19:40,05:00,09h 20m,580,22 Seats available,,Hamirpur (Himachal Pradesh) to Delhi,https://www.redbus.in/bus-tickets/hamirpur-himachal-pradesh-to-delhi
HRTC - 15,Himsuta AC Seater Volvo/Scania 2+2,20:00,04:30,08h 30m,1068,20 Seats available,,Hamirpur (Himachal Pradesh) to Delhi,https://www.redbus.in/bus-tickets/hamirpur-himachal-pradesh-to-delhi
HRTC - 1106,Ordinary 3+2 Non AC Seater,21:40,06:30,08h 50m,580,32 Seats available,,Hamirpur (Himachal Pradesh) to Delhi,https://www.redbus.in/bus-tickets/hamirpur-himachal-pradesh-to-delhi
Ram Dalal Holidays,Volvo A/C Semi Sleeper (2+2),21:15,05:15,08h 00m,618,25 Seats available,,Hamirpur (Himachal Pradesh) to Delhi,https://www.redbus.in/bus-tickets/hamirpur-himachal-pradesh-to-delhi
Bedi Travels,Volvo A/C Semi Sleeper (2+2),22:05,06:30,08h 25m,620,23 Seats available,,Hamirpur (Himachal Pradesh) to Delhi,https://www.redbus.in/bus-tickets/hamirpur-himachal-pradesh-to-delhi
Ram Dalal Holidays,Volvo A/C Semi Sleeper (2+2),22:00,06:40,08h 40m,570,34 Seats available,,Hamirpur (Himachal Pradesh) to Delhi,https://www.redbus.in/bus-tickets/hamirpur-himachal-pradesh-to-delhi
Laxmi holidays,Volvo A/C Semi Sleeper (2+2),20:20,05:00,08h 40m,599,28 Seats available,,Hamirpur (Himachal Pradesh) to Delhi,https://www.redbus.in/bus-tickets/hamirpur-himachal-pradesh-to-delhi
Northern Travels,Volvo A/C Semi Sleeper (2+2),21:45,05:30,07h 45m,570,22 Seats available,,Hamirpur (Himachal Pradesh) to Delhi,https://www.redbus.in/bus-tickets/hamirpur-himachal-pradesh-to-delhi
HRTC - 1,Himsuta AC Seater Volvo/Scania 2+2,10:00,17:30,07h 30m,741,14 Seats available,,Solan to Delhi,https://www.redbus.in/bus-tickets/solan-to-delhi
HRTC - 2,Himsuta AC Seater Volvo/Scania 2+2,12:30,20:00,07h 30m,741,24 Seats available,,Solan to Delhi,https://www.redbus.in/bus-tickets/solan-to-delhi
HRTC - 188,Ordinary 3+2 Non AC Seater,20:36,04:57,08h 21m,409,37 Seats available,,Solan to Delhi,https://www.redbus.in/bus-tickets/solan-to-delhi
HRTC - 3,Himsuta AC Seater Volvo/Scania 2+2,22:30,06:00,07h 30m,741,15 Seats available,,Solan to Delhi,https://www.redbus.in/bus-tickets/solan-to-delhi
HRTC - 108,A/C Executive (2+3),22:31,06:52,08h 21m,529,43 Seats available,,Solan to Delhi,https://www.redbus.in/bus-tickets/solan-to-delhi
HRTC - 130,Ordinary 3+2 Non AC Seater,22:45,06:15,07h 30m,409,37 Seats available,,Solan to Delhi,https://www.redbus.in/bus-tickets/solan-to-delhi
HRTC - 35,Himsuta AC Seater Volvo/Scania 2+2,23:00,06:15,07h 15m,741,18 Seats available,,Solan to Delhi,https://www.redbus.in/bus-tickets/solan-to-delhi
RSRTC - 192348,Super Luxury Volvo AC Seater Pushback 2+2,17:47,02:30,08h 43m,925,37 Seats available,,Solan to Delhi,https://www.redbus.in/bus-tickets/solan-to-delhi
Bedi Travels,Volvo A/C Semi Sleeper (2+2),23:00,05:30,06h 30m,729,20 Seats available,,Solan to Delhi,https://www.redbus.in/bus-tickets/solan-to-delhi
Zingbus Plus,Bharat Benz A/C Semi Sleeper (2+2),21:50,05:10,07h 20m,495,17 Seats available,,Solan to Delhi,https://www.redbus.in/bus-tickets/solan-to-delhi
Laxmi holidays,Volvo A/C Semi Sleeper (2+2),11:35,19:30,07h 55m,599,13 Seats available,,Solan to Delhi,https://www.redbus.in/bus-tickets/solan-to-delhi
Laxmi holidays,Scania Multi-Axle AC Semi Sleeper (2+2),21:30,04:30,07h 00m,599,28 Seats available,,Solan to Delhi,https://www.redbus.in/bus-tickets/solan-to-delhi
HRTC - 1265,Ordinary 3+2 Non AC Seater,08:10,16:30,08h 20m,450,36 Seats available,,Chandigarh to Dharamshala (Himachal Pradesh),https://www.redbus.in/bus-tickets/chandigarh-to-dharamshala
HRTC - 127,Himsuta AC Seater Volvo/Scania 2+2,15:40,22:00,06h 20m,784,31 Seats available,,Chandigarh to Dharamshala (Himachal Pradesh),https://www.redbus.in/bus-tickets/chandigarh-to-dharamshala
HRTC - 573,Himmani Deluxe 2+2 Non AC Seater,19:40,02:00,06h 20m,503,21 Seats available,,Chandigarh to Dharamshala (Himachal Pradesh),https://www.redbus.in/bus-tickets/chandigarh-to-dharamshala
HRTC - 91,Himsuta AC Seater Volvo/Scania 2+2,22:10,04:40,06h 30m,784,33 Seats available,,Chandigarh to Dharamshala (Himachal Pradesh),https://www.redbus.in/bus-tickets/chandigarh-to-dharamshala
Chandigarh Transport Undertaking (CTU) - 165943,HVAC Seater (2+3),10:45,17:45,07h 00m,536.2,46 Seats available,,Chandigarh to Dharamshala (Himachal Pradesh),https://www.redbus.in/bus-tickets/chandigarh-to-dharamshala
Zingbus Plus,Volvo A/C Semi Sleeper (2+2),00:55,05:50,04h 55m,418,7 Seats available,,Chandigarh to Dharamshala (Himachal Pradesh),https://www.redbus.in/bus-tickets/chandigarh-to-dharamshala
Laxmi holidays,Volvo 9600 Multi Axle Semi-Sleeper (2+2),01:30,07:25,05h 55m,499,22 Seats available,,Chandigarh to Dharamshala (Himachal Pradesh),https://www.redbus.in/bus-tickets/chandigarh-to-dharamshala
Ram Dalal Holidays,Volvo 9600 A/C Semi Sleeper (2+2),01:05,06:40,05h 35m,760,12 Seats available,,Chandigarh to Dharamshala (Himachal Pradesh),https://www.redbus.in/bus-tickets/chandigarh-to-dharamshala
Laxmi holidays,VE A/C Semi Sleeper (2+2),23:50,05:30,05h 40m,799,32 Seats available,,Chandigarh to Dharamshala (Himachal Pradesh),https://www.redbus.in/bus-tickets/chandigarh-to-dharamshala
Zingbus Plus,Volvo Multi-Axle A/C Semisleeper (2+2),02:35,08:10,05h 35m,640,12 Seats available,,Chandigarh to Dharamshala (Himachal Pradesh),https://www.redbus.in/bus-tickets/chandigarh-to-dharamshala
Bedi Travels,Volvo 9600 Multi Axle Semi-Sleeper (2+2),01:45,07:30,05h 45m,630,6 Seats available,,Chandigarh to Dharamshala (Himachal Pradesh),https://www.redbus.in/bus-tickets/chandigarh-to-dharamshala
Bedi Travels,Volvo 9600 A/C Semi Sleeper (2+2),02:30,08:30,06h 00m,630,7 Seats available,,Chandigarh to Dharamshala (Himachal Pradesh),https://www.redbus.in/bus-tickets/chandigarh-to-dharamshala
New Walia Travels,Volvo 9600 A/C Semi Sleeper (2+2),01:20,06:35,05h 15m,499,19 Seats available,,Chandigarh to Dharamshala (Himachal Pradesh),https://www.redbus.in/bus-tickets/chandigarh-to-dharamshala
New Walia Travels,Volvo 9600 A/C Semi Sleeper (2+2),01:20,06:30,05h 10m,499,19 Seats available,,Chandigarh to Dharamshala (Himachal Pradesh),https://www.redbus.in/bus-tickets/chandigarh-to-dharamshala
HRTC - 1136,Ordinary 3+2 Non AC Seater,05:45,11:50,06h 05m,390,37 Seats available,,Kangra to Chandigarh,https://www.redbus.in/bus-tickets/kangra-to-chandigarh
HRTC - 906,Ordinary 3+2 Non AC Seater,06:00,12:15,06h 15m,395,37 Seats available,,Kangra to Chandigarh,https://www.redbus.in/bus-tickets/kangra-to-chandigarh
HRTC - 110,Himsuta AC Seater Volvo/Scania 2+2,07:40,14:40,07h 00m,715,34 Seats available,,Kangra to Chandigarh,https://www.redbus.in/bus-tickets/kangra-to-chandigarh
HRTC - 1138,Ordinary 3+2 Non AC Seater,07:40,14:15,06h 35m,390,37 Seats available,,Kangra to Chandigarh,https://www.redbus.in/bus-tickets/kangra-to-chandigarh
HRTC - 923,Ordinary 3+2 Non AC Seater,08:00,13:35,05h 35m,390,28 Seats available,,Kangra to Chandigarh,https://www.redbus.in/bus-tickets/kangra-to-chandigarh
HRTC - 1108,Ordinary 3+2 Non AC Seater,09:05,16:30,07h 25m,410,37 Seats available,,Kangra to Chandigarh,https://www.redbus.in/bus-tickets/kangra-to-chandigarh
HRTC - 89,Himsuta AC Seater Volvo/Scania 2+2,10:00,15:15,05h 15m,715,30 Seats available,,Kangra to Chandigarh,https://www.redbus.in/bus-tickets/kangra-to-chandigarh
HRTC - 926,Ordinary 3+2 Non AC Seater,10:15,18:05,07h 50m,408,36 Seats available,,Kangra to Chandigarh,https://www.redbus.in/bus-tickets/kangra-to-chandigarh
HRTC - 1125,Ordinary 3+2 Non AC Seater,10:30,18:10,07h 40m,390,37 Seats available,,Kangra to Chandigarh,https://www.redbus.in/bus-tickets/kangra-to-chandigarh
HRTC - 1118,Ordinary 3+2 Non AC Seater,11:10,17:30,06h 20m,396,37 Seats available,,Kangra to Chandigarh,https://www.redbus.in/bus-tickets/kangra-to-chandigarh
HRTC - 915,Ordinary 3+2 Non AC Seater,11:30,18:15,06h 45m,410,36 Seats available,,Kangra to Chandigarh,https://www.redbus.in/bus-tickets/kangra-to-chandigarh
HRTC - 1113,Ordinary 3+2 Non AC Seater,11:50,18:25,06h 35m,390,37 Seats available,,Kangra to Chandigarh,https://www.redbus.in/bus-tickets/kangra-to-chandigarh
HRTC - 90,Himsuta AC Seater Volvo/Scania 2+2,12:40,19:15,06h 35m,715,30 Seats available,,Kangra to Chandigarh,https://www.redbus.in/bus-tickets/kangra-to-chandigarh
HRTC - 954,Ordinary 3+2 Non AC Seater,13:25,19:41,06h 16m,420,35 Seats available,,Kangra to Chandigarh,https://www.redbus.in/bus-tickets/kangra-to-chandigarh
HRTC - 1151,Ordinary 3+2 Non AC Seater,14:00,22:40,08h 40m,390,37 Seats available,,Kangra to Chandigarh,https://www.redbus.in/bus-tickets/kangra-to-chandigarh
HRTC - 967,Ordinary 3+2 Non AC Seater,15:00,22:10,07h 10m,390,37 Seats available,,Kangra to Chandigarh,https://www.redbus.in/bus-tickets/kangra-to-chandigarh
HRTC - 912,Ordinary 3+2 Non AC Seater,15:40,23:10,07h 30m,420,37 Seats available,,Kangra to Chandigarh,https://www.redbus.in/bus-tickets/kangra-to-chandigarh
HRTC - 911,Ordinary 3+2 Non AC Seater,16:15,23:20,07h 05m,420,37 Seats available,,Kangra to Chandigarh,https://www.redbus.in/bus-tickets/kangra-to-chandigarh
HRTC - 653,A/C Executive (2+3),17:05,23:00,05h 55m,452,44 Seats available,,Kangra to Chandigarh,https://www.redbus.in/bus-tickets/kangra-to-chandigarh
HRTC - 1104,Ordinary 3+2 Non AC Seater,17:20,00:20,07h 00m,390,37 Seats available,,Kangra to Chandigarh,https://www.redbus.in/bus-tickets/kangra-to-chandigarh
Laxmi holidays,VE A/C Semi Sleeper (2+2),19:05,23:55,04h 50m,699,40 Seats available,,Kangra to Chandigarh,https://www.redbus.in/bus-tickets/kangra-to-chandigarh
Laxmi holidays,Volvo 9600 A/C Semi Sleeper (2+2),18:40,00:30,05h 50m,550,38 Seats available,,Kangra to Chandigarh,https://www.redbus.in/bus-tickets/kangra-to-chandigarh
Zingbus Plus,Volvo A/C Semi Sleeper (2+2),20:05,00:55,04h 50m,514,15 Seats available,,Kangra to Chandigarh,https://www.redbus.in/bus-tickets/kangra-to-chandigarh
Laxmi holidays,Volvo 9600 A/C Semi Sleeper (2+2),21:45,02:35,04h 50m,499,43 Seats available,,Kangra to Chandigarh,https://www.redbus.in/bus-tickets/kangra-to-chandigarh
Zingbus Plus,Volvo Multi-Axle A/C Semisleeper (2+2),22:10,02:35,04h 25m,565,38 Seats available,,Kangra to Chandigarh,https://www.redbus.in/bus-tickets/kangra-to-chandigarh
HRTC - 711,Himmani Deluxe 2+2 Non AC Seater,06:00,15:30,09h 30m,612,21 Seats available,,Manali to Shimla,https://www.redbus.in/bus-tickets/manali-to-shimla
HRTC - 812,Ordinary 3+2 Non AC Seater,09:20,19:30,10h 10m,556,34 Seats available,,Manali to Shimla,https://www.redbus.in/bus-tickets/manali-to-shimla
HRTC - 710,Himmani Deluxe 2+2 Non AC Seater,18:20,04:30,10h 10m,641,27 Seats available,,Manali to Shimla,https://www.redbus.in/bus-tickets/manali-to-shimla
HRTC - 726,Ordinary 3+2 Non AC Seater,19:20,04:30,09h 10m,583,27 Seats available,,Manali to Shimla,https://www.redbus.in/bus-tickets/manali-to-shimla
HRTC - 2100718,Ordinary 3+2 Non AC Seater,20:30,04:30,08h 00m,583,37 Seats available,,Manali to Shimla,https://www.redbus.in/bus-tickets/manali-to-shimla
HRTC - 155,Himsuta AC Seater Volvo/Scania 2+2,21:00,06:10,09h 10m,963,32 Seats available,,Manali to Shimla,https://www.redbus.in/bus-tickets/manali-to-shimla
HRTC - 718,Ordinary 3+2 Non AC Seater,21:30,06:35,09h 05m,583,36 Seats available,,Manali to Shimla,https://www.redbus.in/bus-tickets/manali-to-shimla
KRISHNA TRANSPORT SHIMLA,NON A/C Seater Push Back (2+2),08:30,17:15,08h 45m,666,14 Seats available,,Manali to Shimla,https://www.redbus.in/bus-tickets/manali-to-shimla
HRTC - 545,Ordinary 3+2 Non AC Seater,00:20,08:00,07h 40m,477,31 Seats available,,Chandigarh to Kullu,https://www.redbus.in/bus-tickets/chandigarh-to-kullu
HRTC - 306245,Ordinary 3+2 Non AC Seater,04:40,12:20,07h 40m,477,37 Seats available,,Chandigarh to Kullu,https://www.redbus.in/bus-tickets/chandigarh-to-kullu
HRTC - 1506,Himsuta AC Seater Volvo/Scania 2+2,08:50,15:30,06h 40m,820,25 Seats available,,Chandigarh to Kullu,https://www.redbus.in/bus-tickets/chandigarh-to-kullu
HRTC - 508,A/C Executive (2+3),12:00,19:15,07h 15m,507,40 Seats available,,Chandigarh to Kullu,https://www.redbus.in/bus-tickets/chandigarh-to-kullu
HRTC - 1519,Himsuta AC Seater Volvo/Scania 2+2,14:15,22:04,07h 49m,841,29 Seats available,,Chandigarh to Kullu,https://www.redbus.in/bus-tickets/chandigarh-to-kullu
HRTC - 2030250,Ordinary 3+2 Non AC Seater,16:30,21:38,05h 08m,467,37 Seats available,,Chandigarh to Kullu,https://www.redbus.in/bus-tickets/chandigarh-to-kullu
HRTC - 516,Ordinary 3+2 Non AC Seater,18:10,01:30,07h 20m,482,25 Seats available,,Chandigarh to Kullu,https://www.redbus.in/bus-tickets/chandigarh-to-kullu
HRTC - 1507,Ordinary 3+2 Non AC Seater,18:40,01:50,07h 10m,488,37 Seats available,,Chandigarh to Kullu,https://www.redbus.in/bus-tickets/chandigarh-to-kullu
HRTC - 58,Himsuta AC Seater Volvo/Scania 2+2,19:30,04:00,08h 30m,860,28 Seats available,,Chandigarh to Kullu,https://www.redbus.in/bus-tickets/chandigarh-to-kullu
HRTC - 1522,Himsuta AC Seater Volvo/Scania 2+2,22:00,05:00,07h 00m,820,11 Seats available,,Chandigarh to Kullu,https://www.redbus.in/bus-tickets/chandigarh-to-kullu
Zingbus Plus,Volvo A/C Semi Sleeper (2+2),23:35,04:25,04h 50m,827,27 Seats available,,Chandigarh to Kullu,https://www.redbus.in/bus-tickets/chandigarh-to-kullu
Laxmi holidays,Volvo 9600 A/C Semi Sleeper (2+2),22:50,04:15,05h 25m,799,35 Seats available,,Chandigarh to Kullu,https://www.redbus.in/bus-tickets/chandigarh-to-kullu
Laxmi holidays,Volvo 9600 A/C Semi Sleeper (2+2),23:45,05:00,05h 15m,799,36 Seats available,,Chandigarh to Kullu,https://www.redbus.in/bus-tickets/chandigarh-to-kullu
Zingbus Plus,Volvo 9600 A/C Semi Sleeper (2+2),04:50,10:45,05h 55m,1024,14 Seats available,,Chandigarh to Kullu,https://www.redbus.in/bus-tickets/chandigarh-to-kullu
Laxmi holidays,Volvo 9600 A/C Semi Sleeper (2+2),23:30,04:30,05h 00m,799,18 Seats available,,Chandigarh to Kullu,https://www.redbus.in/bus-tickets/chandigarh-to-kullu
HRTC - 2100720,Ordinary 3+2 Non AC Seater,05:00,13:30,08h 30m,409,37 Seats available,,Delhi to Solan,https://www.redbus.in/bus-tickets/delhi-to-solan
HRTC - 6,Himsuta AC Seater Volvo/Scania 2+2,06:45,15:00,08h 15m,741,26 Seats available,,Delhi to Solan,https://www.redbus.in/bus-tickets/delhi-to-solan
HRTC - 592,A/C Executive (2+3),08:05,16:00,07h 55m,529,41 Seats available,,Delhi to Solan,https://www.redbus.in/bus-tickets/delhi-to-solan
HRTC - 7,Himsuta AC Seater Volvo/Scania 2+2,09:25,17:00,07h 35m,741,26 Seats available,,Delhi to Solan,https://www.redbus.in/bus-tickets/delhi-to-solan
HRTC - 551,A/C Executive (2+3),15:30,23:55,08h 25m,529,42 Seats available,,Delhi to Solan,https://www.redbus.in/bus-tickets/delhi-to-solan
HRTC - 532,Ordinary 3+2 Non AC Seater,17:59,02:15,08h 16m,409,27 Seats available,,Delhi to Solan,https://www.redbus.in/bus-tickets/delhi-to-solan
HRTC - 301,Ordinary 3+2 Non AC Seater,19:43,03:00,07h 17m,409,27 Seats available,,Delhi to Solan,https://www.redbus.in/bus-tickets/delhi-to-solan
HRTC - 591,A/C Executive (2+3),21:00,05:50,08h 50m,529,18 Seats available,,Delhi to Solan,https://www.redbus.in/bus-tickets/delhi-to-solan
HRTC - 8,Himsuta AC Seater Volvo/Scania 2+2,21:02,04:40,07h 38m,741,19 Seats available,,Delhi to Solan,https://www.redbus.in/bus-tickets/delhi-to-solan
HRTC - 570,Ordinary 3+2 Non AC Seater,21:25,05:25,08h 00m,409,35 Seats available,,Delhi to Solan,https://www.redbus.in/bus-tickets/delhi-to-solan
HRTC - 9,Himsuta AC Seater Volvo/Scania 2+2,22:00,06:00,08h 00m,741,8 Seats available,,Delhi to Solan,https://www.redbus.in/bus-tickets/delhi-to-solan
HRTC - 579,Ordinary 3+2 Non AC Seater,22:30,06:20,07h 50m,409,27 Seats available,,Delhi to Solan,https://www.redbus.in/bus-tickets/delhi-to-solan
HRTC - 22,Himsuta AC Seater Volvo/Scania 2+2,23:00,06:50,07h 50m,741,9 Seats available,,Delhi to Solan,https://www.redbus.in/bus-tickets/delhi-to-solan
HRTC - 564,Ordinary 3+2 Non AC Seater,23:40,07:40,08h 00m,409,34 Seats available,,Delhi to Solan,https://www.redbus.in/bus-tickets/delhi-to-solan
RSRTC - 192344,Super Luxury Volvo AC Seater Pushback 2+2,03:00,12:13,09h 13m,925,37 Seats available,,Delhi to Solan,https://www.redbus.in/bus-tickets/delhi-to-solan
Bedi Travels,Volvo A/C Semi Sleeper (2+2),23:00,06:45,07h 45m,1034,11 Seats available,,Delhi to Solan,https://www.redbus.in/bus-tickets/delhi-to-solan
Ram Dalal Holidays,Mercedes Multi-Axle Semi Sleeper (2+2),23:00,06:30,07h 30m,941,30 Seats available,,Delhi to Solan,https://www.redbus.in/bus-tickets/delhi-to-solan
Zingbus Plus,Bharat Benz A/C Semi Sleeper (2+2),22:35,06:20,07h 45m,1189,20 Seats available,,Delhi to Solan,https://www.redbus.in/bus-tickets/delhi-to-solan
Laxmi holidays,Scania Multi-Axle AC Semi Sleeper (2+2),23:30,06:30,07h 00m,1199,28 Seats available,,Delhi to Solan,https://www.redbus.in/bus-tickets/delhi-to-solan
Laxmi holidays,Volvo 9600 A/C Semi Sleeper (2+2),23:55,05:10,05h 15m,499,36 Seats available,,Chandigarh to Kangra,https://www.redbus.in/bus-tickets/chandigarh-to-kangra
Laxmi holidays,Volvo 9600 Multi Axle Semi-Sleeper (2+2),01:30,06:55,05h 25m,499,22 Seats available,,Chandigarh to Kangra,https://www.redbus.in/bus-tickets/chandigarh-to-kangra
Zingbus Plus,Volvo A/C Semi Sleeper (2+2),00:55,05:10,04h 15m,418,9 Seats available,,Chandigarh to Kangra,https://www.redbus.in/bus-tickets/chandigarh-to-kangra
Laxmi holidays,VE A/C Semi Sleeper (2+2),23:50,04:50,05h 00m,799,37 Seats available,,Chandigarh to Kangra,https://www.redbus.in/bus-tickets/chandigarh-to-kangra
Zingbus Plus,Volvo Multi-Axle A/C Semisleeper (2+2),02:35,07:30,04h 55m,640,12 Seats available,,Chandigarh to Kangra,https://www.redbus.in/bus-tickets/chandigarh-to-kangra
Laxmi holidays,Volvo 9600 A/C Semi Sleeper (2+2),23:20,05:00,05h 40m,499,44 Seats available,,Chandigarh to Kangra,https://www.redbus.in/bus-tickets/chandigarh-to-kangra
Bedi Travels,Volvo 9600 A/C Semi Sleeper (2+2),02:30,07:30,05h 00m,630,7 Seats available,,Chandigarh to Kangra,https://www.redbus.in/bus-tickets/chandigarh-to-kangra
New Walia Travels,Volvo 9600 A/C Semi Sleeper (2+2),01:20,05:35,04h 15m,499,19 Seats available,,Chandigarh to Kangra,https://www.redbus.in/bus-tickets/chandigarh-to-kangra
Triptara tour & Travel,Scania Multi-Axle AC Semi Sleeper (2+2),01:50,06:10,04h 20m,500,29 Seats available,,Chandigarh to Kangra,https://www.redbus.in/bus-tickets/chandigarh-to-kangra
Bedi Travels,Volvo 9600 Multi Axle Semi-Sleeper (2+2),01:45,06:45,05h 00m,630,5 Seats available,,Chandigarh to Kangra,https://www.redbus.in/bus-tickets/chandigarh-to-kangra
HRTC - 6651,Ordinary 3+2 Non AC Seater,05:30,09:20,03h 50m,210,41 Seats available,,Ghumarwin to Chandigarh,https://www.redbus.in/bus-tickets/ghumarwin-to-chandigarh
HRTC - 667,Ordinary 3+2 Non AC Seater,05:45,08:50,03h 05m,218,33 Seats available,,Ghumarwin to Chandigarh,https://www.redbus.in/bus-tickets/ghumarwin-to-chandigarh
HRTC - 663,Ordinary 3+2 Non AC Seater,06:35,09:30,02h 55m,218,24 Seats available,,Ghumarwin to Chandigarh,https://www.redbus.in/bus-tickets/ghumarwin-to-chandigarh
HRTC - 401269,Ordinary 3+2 Non AC Seater,07:40,10:30,02h 50m,218,29 Seats available,,Ghumarwin to Chandigarh,https://www.redbus.in/bus-tickets/ghumarwin-to-chandigarh
HRTC - 887,Ordinary 3+2 Non AC Seater,08:00,11:00,03h 00m,218,24 Seats available,,Ghumarwin to Chandigarh,https://www.redbus.in/bus-tickets/ghumarwin-to-chandigarh
HRTC - 401271,Ordinary 3+2 Non AC Seater,08:45,11:30,02h 45m,218,34 Seats available,,Ghumarwin to Chandigarh,https://www.redbus.in/bus-tickets/ghumarwin-to-chandigarh
HRTC - 1567,Ordinary 3+2 Non AC Seater,09:00,11:50,02h 50m,218,38 Seats available,,Ghumarwin to Chandigarh,https://www.redbus.in/bus-tickets/ghumarwin-to-chandigarh
HRTC - 430,Ordinary 3+2 Non AC Seater,09:25,16:40,07h 15m,268,27 Seats available,,Ghumarwin to Chandigarh,https://www.redbus.in/bus-tickets/ghumarwin-to-chandigarh
HRTC - 1467,Ordinary 3+2 Non AC Seater,12:20,15:20,03h 00m,218,26 Seats available,,Ghumarwin to Chandigarh,https://www.redbus.in/bus-tickets/ghumarwin-to-chandigarh
HRTC - 401260,Ordinary 3+2 Non AC Seater,14:30,19:00,04h 30m,240,37 Seats available,,Ghumarwin to Chandigarh,https://www.redbus.in/bus-tickets/ghumarwin-to-chandigarh
HRTC - 401270,Ordinary 3+2 Non AC Seater,18:10,21:05,02h 55m,218,37 Seats available,,Ghumarwin to Chandigarh,https://www.redbus.in/bus-tickets/ghumarwin-to-chandigarh
HRTC - 685,Ordinary 3+2 Non AC Seater,19:10,23:40,04h 30m,240,37 Seats available,,Ghumarwin to Chandigarh,https://www.redbus.in/bus-tickets/ghumarwin-to-chandigarh
HRTC - 763,Ordinary 3+2 Non AC Seater,19:40,22:50,03h 10m,223,37 Seats available,,Ghumarwin to Chandigarh,https://www.redbus.in/bus-tickets/ghumarwin-to-chandigarh
HRTC - 700,Himsuta AC Seater Volvo/Scania 2+2,20:00,23:30,03h 30m,459,34 Seats available,,Ghumarwin to Chandigarh,https://www.redbus.in/bus-tickets/ghumarwin-to-chandigarh
HRTC - 750,A/C Executive (2+3),20:30,00:40,04h 10m,270,43 Seats available,,Ghumarwin to Chandigarh,https://www.redbus.in/bus-tickets/ghumarwin-to-chandigarh
HRTC - 1107,Ordinary 3+2 Non AC Seater,20:30,23:20,02h 50m,218,36 Seats available,,Ghumarwin to Chandigarh,https://www.redbus.in/bus-tickets/ghumarwin-to-chandigarh
Ram Dalal Holidays,Volvo A/C Semi Sleeper (2+2),23:30,03:10,03h 40m,570,34 Seats available,,Ghumarwin to Chandigarh,https://www.redbus.in/bus-tickets/ghumarwin-to-chandigarh
Northern Travels,Volvo A/C Semi Sleeper (2+2),22:50,01:30,02h 40m,570,22 Seats available,,Ghumarwin to Chandigarh,https://www.redbus.in/bus-tickets/ghumarwin-to-chandigarh
Bedi Travels,Volvo A/C Semi Sleeper (2+2),23:15,02:05,02h 50m,620,23 Seats available,,Ghumarwin to Chandigarh,https://www.redbus.in/bus-tickets/ghumarwin-to-chandigarh
HRTC - 6651,Ordinary 3+2 Non AC Seater,05:30,16:30,11h 00m,475,41 Seats available,,Ghumarwin to Delhi,https://www.redbus.in/bus-tickets/ghumarwin-to-delhi
HRTC - 887,Ordinary 3+2 Non AC Seater,08:00,16:30,08h 30m,488,25 Seats available,,Ghumarwin to Delhi,https://www.redbus.in/bus-tickets/ghumarwin-to-delhi
HRTC - 680,Ordinary 3+2 Non AC Seater,18:18,04:30,10h 12m,510,33 Seats available,,Ghumarwin to Delhi,https://www.redbus.in/bus-tickets/ghumarwin-to-delhi
HRTC - 601,Ordinary 3+2 Non AC Seater,19:15,04:30,09h 15m,488,26 Seats available,,Ghumarwin to Delhi,https://www.redbus.in/bus-tickets/ghumarwin-to-delhi
HRTC - 763,Ordinary 3+2 Non AC Seater,19:40,04:00,08h 20m,488,37 Seats available,,Ghumarwin to Delhi,https://www.redbus.in/bus-tickets/ghumarwin-to-delhi
HRTC - 700,Himsuta AC Seater Volvo/Scania 2+2,20:00,04:30,08h 30m,982,25 Seats available,,Ghumarwin to Delhi,https://www.redbus.in/bus-tickets/ghumarwin-to-delhi
HRTC - 750,A/C Executive (2+3),20:30,06:00,09h 30m,635,42 Seats available,,Ghumarwin to Delhi,https://www.redbus.in/bus-tickets/ghumarwin-to-delhi
HRTC - 1107,Ordinary 3+2 Non AC Seater,20:30,04:15,07h 45m,488,36 Seats available,,Ghumarwin to Delhi,https://www.redbus.in/bus-tickets/ghumarwin-to-delhi
Bedi Travels,Volvo A/C Semi Sleeper (2+2),23:15,06:30,07h 15m,620,23 Seats available,,Ghumarwin to Delhi,https://www.redbus.in/bus-tickets/ghumarwin-to-delhi
Ram Dalal Holidays,Volvo A/C Semi Sleeper (2+2),23:30,06:40,07h 10m,570,34 Seats available,,Ghumarwin to Delhi,https://www.redbus.in/bus-tickets/ghumarwin-to-delhi
Northern Travels,Volvo A/C Semi Sleeper (2+2),22:50,05:30,06h 40m,570,22 Seats available,,Ghumarwin to Delhi,https://www.redbus.in/bus-tickets/ghumarwin-to-delhi
HRTC - 759,Himsuta AC Seater Volvo/Scania 2+2,00:10,04:10,04h 00m,498,16 Seats available,,Sunder Nagar (Himachal Pradesh) to Chandigarh,https://www.redbus.in/bus-tickets/sundernagar-himachal-pradesh-to-chandigarh
HRTC - 803,Ordinary 3+2 Non AC Seater,00:45,06:00,05h 15m,271,33 Seats available,,Sunder Nagar (Himachal Pradesh) to Chandigarh,https://www.redbus.in/bus-tickets/sundernagar-himachal-pradesh-to-chandigarh
HRTC - 732,Himsuta AC Seater Volvo/Scania 2+2,00:59,04:20,03h 21m,479,33 Seats available,,Sunder Nagar (Himachal Pradesh) to Chandigarh,https://www.redbus.in/bus-tickets/sundernagar-himachal-pradesh-to-chandigarh
HRTC - 713,Himsuta AC Seater Volvo/Scania 2+2,01:40,06:00,04h 20m,479,34 Seats available,,Sunder Nagar (Himachal Pradesh) to Chandigarh,https://www.redbus.in/bus-tickets/sundernagar-himachal-pradesh-to-chandigarh
HRTC - 701,Ordinary 3+2 Non AC Seater,01:45,05:30,03h 45m,282,3 Seats available,,Sunder Nagar (Himachal Pradesh) to Chandigarh,https://www.redbus.in/bus-tickets/sundernagar-himachal-pradesh-to-chandigarh
HRTC - 783,A/C Executive (2+3),05:00,09:20,04h 20m,315,42 Seats available,,Sunder Nagar (Himachal Pradesh) to Chandigarh,https://www.redbus.in/bus-tickets/sundernagar-himachal-pradesh-to-chandigarh
HRTC - 774,Ordinary 3+2 Non AC Seater,05:15,11:00,05h 45m,284,37 Seats available,,Sunder Nagar (Himachal Pradesh) to Chandigarh,https://www.redbus.in/bus-tickets/sundernagar-himachal-pradesh-to-chandigarh
HRTC - 984,A/C Executive (2+3),06:00,09:30,03h 30m,301,27 Seats available,,Sunder Nagar (Himachal Pradesh) to Chandigarh,https://www.redbus.in/bus-tickets/sundernagar-himachal-pradesh-to-chandigarh
HRTC - 777,Ordinary 3+2 Non AC Seater,07:15,12:30,05h 15m,284,30 Seats available,,Sunder Nagar (Himachal Pradesh) to Chandigarh,https://www.redbus.in/bus-tickets/sundernagar-himachal-pradesh-to-chandigarh
HRTC - 733,A/C Executive (2+3),07:40,12:30,04h 50m,314,41 Seats available,,Sunder Nagar (Himachal Pradesh) to Chandigarh,https://www.redbus.in/bus-tickets/sundernagar-himachal-pradesh-to-chandigarh
HRTC - 714,Ordinary 3+2 Non AC Seater,08:15,13:30,05h 15m,282,39 Seats available,,Sunder Nagar (Himachal Pradesh) to Chandigarh,https://www.redbus.in/bus-tickets/sundernagar-himachal-pradesh-to-chandigarh
HRTC - 772,A/C Executive (2+3),09:15,14:00,04h 45m,330,42 Seats available,,Sunder Nagar (Himachal Pradesh) to Chandigarh,https://www.redbus.in/bus-tickets/sundernagar-himachal-pradesh-to-chandigarh
HRTC - 778,Ordinary 3+2 Non AC Seater,11:25,17:40,06h 15m,280,27 Seats available,,Sunder Nagar (Himachal Pradesh) to Chandigarh,https://www.redbus.in/bus-tickets/sundernagar-himachal-pradesh-to-chandigarh
HRTC - 30,Himsuta AC Seater Volvo/Scania 2+2,11:50,15:00,03h 10m,479,6 Seats available,,Sunder Nagar (Himachal Pradesh) to Chandigarh,https://www.redbus.in/bus-tickets/sundernagar-himachal-pradesh-to-chandigarh
HRTC - 795,Ordinary 3+2 Non AC Seater,13:10,17:30,04h 20m,286,22 Seats available,,Sunder Nagar (Himachal Pradesh) to Chandigarh,https://www.redbus.in/bus-tickets/sundernagar-himachal-pradesh-to-chandigarh
Zingbus Plus,Volvo A/C Semi Sleeper (2+2),20:05,23:40,03h 35m,791,15 Seats available,,Sunder Nagar (Himachal Pradesh) to Chandigarh,https://www.redbus.in/bus-tickets/sundernagar-himachal-pradesh-to-chandigarh
Zingbus Plus,Volvo 9600 A/C Semi Sleeper (2+2),23:35,01:55,02h 20m,890,14 Seats available,,Sunder Nagar (Himachal Pradesh) to Chandigarh,https://www.redbus.in/bus-tickets/sundernagar-himachal-pradesh-to-chandigarh
Zingbus Plus,Volvo A/C Semi Sleeper (2+2),21:55,00:25,02h 30m,846,32 Seats available,,Sunder Nagar (Himachal Pradesh) to Chandigarh,https://www.redbus.in/bus-tickets/sundernagar-himachal-pradesh-to-chandigarh
City Land Travels,Volvo A/C B11R Multi Axle Semi Sleeper (2+2),14:45,18:05,03h 20m,943,33 Seats available,,Sunder Nagar (Himachal Pradesh) to Chandigarh,https://www.redbus.in/bus-tickets/sundernagar-himachal-pradesh-to-chandigarh
Laxmi holidays,Volvo 9600 A/C Semi Sleeper (2+2),20:20,23:55,03h 35m,699,33 Seats available,,Sunder Nagar (Himachal Pradesh) to Chandigarh,https://www.redbus.in/bus-tickets/sundernagar-himachal-pradesh-to-chandigarh
HRTC - 964,Ordinary 3+2 Non AC Seater,04:30,12:40,08h 10m,465,37 Seats available,,Palampur to Chandigarh,https://www.redbus.in/bus-tickets/palampur-to-chandigarh
HRTC - 982,Himmani Deluxe 2+2 Non AC Seater,04:40,13:05,08h 25m,525,21 Seats available,,Palampur to Chandigarh,https://www.redbus.in/bus-tickets/palampur-to-chandigarh
HRTC - 1309,Ordinary 3+2 Non AC Seater,05:40,14:10,08h 30m,477,37 Seats available,,Palampur to Chandigarh,https://www.redbus.in/bus-tickets/palampur-to-chandigarh
HRTC - 1165,Ordinary 3+2 Non AC Seater,06:00,14:15,08h 15m,518,27 Seats available,,Palampur to Chandigarh,https://www.redbus.in/bus-tickets/palampur-to-chandigarh
HRTC - 1138,Ordinary 3+2 Non AC Seater,06:05,14:15,08h 10m,476,37 Seats available,,Palampur to Chandigarh,https://www.redbus.in/bus-tickets/palampur-to-chandigarh
HRTC - 974,Ordinary 3+2 Non AC Seater,07:30,17:15,09h 45m,505,24 Seats available,,Palampur to Chandigarh,https://www.redbus.in/bus-tickets/palampur-to-chandigarh
HRTC - 1108,Ordinary 3+2 Non AC Seater,07:46,16:30,08h 44m,495,37 Seats available,,Palampur to Chandigarh,https://www.redbus.in/bus-tickets/palampur-to-chandigarh
HRTC - 89,Himsuta AC Seater Volvo/Scania 2+2,08:40,15:15,06h 35m,856,30 Seats available,,Palampur to Chandigarh,https://www.redbus.in/bus-tickets/palampur-to-chandigarh
HRTC - 1125,Ordinary 3+2 Non AC Seater,08:50,18:10,09h 20m,476,37 Seats available,,Palampur to Chandigarh,https://www.redbus.in/bus-tickets/palampur-to-chandigarh
HRTC - 1118,Ordinary 3+2 Non AC Seater,09:40,17:30,07h 50m,481,37 Seats available,,Palampur to Chandigarh,https://www.redbus.in/bus-tickets/palampur-to-chandigarh
HRTC - 1113,Ordinary 3+2 Non AC Seater,10:24,18:25,08h 01m,476,37 Seats available,,Palampur to Chandigarh,https://www.redbus.in/bus-tickets/palampur-to-chandigarh
HRTC - 954,Ordinary 3+2 Non AC Seater,12:00,19:41,07h 41m,505,35 Seats available,,Palampur to Chandigarh,https://www.redbus.in/bus-tickets/palampur-to-chandigarh
HRTC - 953,Ordinary 3+2 Non AC Seater,14:30,23:50,09h 20m,518,37 Seats available,,Palampur to Chandigarh,https://www.redbus.in/bus-tickets/palampur-to-chandigarh
HRTC - 955,Ordinary 3+2 Non AC Seater,14:40,23:55,09h 15m,478,37 Seats available,,Palampur to Chandigarh,https://www.redbus.in/bus-tickets/palampur-to-chandigarh
HRTC - 952,Ordinary 3+2 Non AC Seater,15:45,00:20,08h 35m,475,37 Seats available,,Palampur to Chandigarh,https://www.redbus.in/bus-tickets/palampur-to-chandigarh
HRTC - 1109,Ordinary 3+2 Non AC Seater,16:30,00:20,07h 50m,501,37 Seats available,,Palampur to Chandigarh,https://www.redbus.in/bus-tickets/palampur-to-chandigarh
HRTC - 1134,Ordinary 3+2 Non AC Seater,17:30,00:40,07h 10m,476,35 Seats available,,Palampur to Chandigarh,https://www.redbus.in/bus-tickets/palampur-to-chandigarh
HRTC - 1106,Ordinary 3+2 Non AC Seater,18:10,02:00,07h 50m,483,37 Seats available,,Palampur to Chandigarh,https://www.redbus.in/bus-tickets/palampur-to-chandigarh
HRTC - 951,Ordinary 3+2 Non AC Seater,18:12,00:45,06h 33m,476,37 Seats available,,Palampur to Chandigarh,https://www.redbus.in/bus-tickets/palampur-to-chandigarh
HRTC - 622,Ordinary 3+2 Non AC Seater,18:20,02:30,08h 10m,514,37 Seats available,,Palampur to Chandigarh,https://www.redbus.in/bus-tickets/palampur-to-chandigarh
Laxmi holidays,Volvo A/C Semi Sleeper (2+2),18:15,01:15,07h 00m,499,28 Seats available,,Palampur to Chandigarh,https://www.redbus.in/bus-tickets/palampur-to-chandigarh
Laxmi holidays,Volvo 9600 A/C Semi Sleeper (2+2),19:20,01:50,06h 30m,549,38 Seats available,,Palampur to Chandigarh,https://www.redbus.in/bus-tickets/palampur-to-chandigarh
Ram Dalal Holidays,Volvo 9600 A/C Semi Sleeper (2+2),19:15,01:15,06h 00m,570,32 Seats available,,Palampur to Chandigarh,https://www.redbus.in/bus-tickets/palampur-to-chandigarh
Ram Dalal Holidays,Volvo A/C Semi Sleeper (2+2),18:40,01:20,06h 40m,618,28 Seats available,,Palampur to Chandigarh,https://www.redbus.in/bus-tickets/palampur-to-chandigarh
Bedi Travels,Volvo 9600 A/C Semi Sleeper (2+2),19:05,01:45,06h 40m,611,21 Seats available,,Palampur to Chandigarh,https://www.redbus.in/bus-tickets/palampur-to-chandigarh
HRTC - 729,Ordinary 3+2 Non AC Seater,04:30,11:30,07h 00m,469,39 Seats available,,Kullu to Shimla,https://www.redbus.in/bus-tickets/kullu-to-shimla
HRTC - 711,Himmani Deluxe 2+2 Non AC Seater,07:45,15:30,07h 45m,516,19 Seats available,,Kullu to Shimla,https://www.redbus.in/bus-tickets/kullu-to-shimla
HRTC - 812,Ordinary 3+2 Non AC Seater,10:54,19:30,08h 36m,469,36 Seats available,,Kullu to Shimla,https://www.redbus.in/bus-tickets/kullu-to-shimla
HRTC - 710,Himmani Deluxe 2+2 Non AC Seater,19:45,04:30,08h 45m,545,27 Seats available,,Kullu to Shimla,https://www.redbus.in/bus-tickets/kullu-to-shimla
HRTC - 726,Ordinary 3+2 Non AC Seater,20:45,04:30,07h 45m,495,27 Seats available,,Kullu to Shimla,https://www.redbus.in/bus-tickets/kullu-to-shimla
HRTC - 155,Himsuta AC Seater Volvo/Scania 2+2,22:30,06:10,07h 40m,818,31 Seats available,,Kullu to Shimla,https://www.redbus.in/bus-tickets/kullu-to-shimla
HRTC - 718,Ordinary 3+2 Non AC Seater,22:30,06:35,08h 05m,495,36 Seats available,,Kullu to Shimla,https://www.redbus.in/bus-tickets/kullu-to-shimla
KRISHNA TRANSPORT SHIMLA,NON A/C Seater Push Back (2+2),10:00,17:15,07h 15m,585,14 Seats available,,Kullu to Shimla,https://www.redbus.in/bus-tickets/kullu-to-shimla
Bedi Travels,Volvo 9600 Multi Axle Semi-Sleeper (2+2),21:00,07:30,10h 30m,1133,9 Seats available,,Delhi to Dharamshala (Himachal Pradesh),https://www.redbus.in/bus-tickets/delhi-to-dharamshala
Ram Dalal Holidays,Volvo 9600 Multi Axle Semi-Sleeper (2+2),21:45,08:10,10h 25m,617,30 Seats available,,Delhi to Dharamshala (Himachal Pradesh),https://www.redbus.in/bus-tickets/delhi-to-dharamshala
Laxmi holidays,Volvo 9600 A/C Semi Sleeper (2+2),18:30,05:30,11h 00m,599,44 Seats available,,Delhi to Dharamshala (Himachal Pradesh),https://www.redbus.in/bus-tickets/delhi-to-dharamshala
AdCity Land Travels,Volvo A/C Semi Sleeper (2+2),22:20,09:00,10h 40m,979,26 Seats available,,Delhi to Dharamshala (Himachal Pradesh),https://www.redbus.in/bus-tickets/delhi-to-dharamshala
Bedi Travels,Volvo 9600 A/C Semi Sleeper (2+2),21:45,08:30,10h 45m,810,10 Seats available,,Delhi to Dharamshala (Himachal Pradesh),https://www.redbus.in/bus-tickets/delhi-to-dharamshala
Zingbus Plus,Volvo A/C Semi Sleeper (2+2),19:45,05:50,10h 05m,548,31 Seats available,,Delhi to Dharamshala (Himachal Pradesh),https://www.redbus.in/bus-tickets/delhi-to-dharamshala
Raghukul Holidays,Volvo A/C Semi Sleeper (2+2),19:15,07:30,12h 15m,584,30 Seats available,,Delhi to Dharamshala (Himachal Pradesh),https://www.redbus.in/bus-tickets/delhi-to-dharamshala
Ram Dalal Holidays,Volvo 9600 A/C Semi Sleeper (2+2),19:30,06:40,11h 10m,617,28 Seats available,,Delhi to Dharamshala (Himachal Pradesh),https://www.redbus.in/bus-tickets/delhi-to-dharamshala
Zingbus Plus,Volvo Multi-Axle A/C Semisleeper (2+2),21:40,08:10,10h 30m,641,33 Seats available,,Delhi to Dharamshala (Himachal Pradesh),https://www.redbus.in/bus-tickets/delhi-to-dharamshala
Bedi Travels,Volvo 9600 Multi Axle Semi-Sleeper (2+2),21:00,07:45,10h 45m,1133,9 Seats available,,Delhi to Dharamshala (Himachal Pradesh),https://www.redbus.in/bus-tickets/delhi-to-dharamshala
HRTC - 281,Himmani Deluxe 2+2 Non AC Seater,08:00,16:12,08h 12m,516,26 Seats available,,Shimla to Kullu,https://www.redbus.in/bus-tickets/shimla-to-kullu
HRTC - 283,Ordinary 3+2 Non AC Seater,09:15,17:00,07h 45m,469,34 Seats available,,Shimla to Kullu,https://www.redbus.in/bus-tickets/shimla-to-kullu
HRTC - 500,Ordinary 3+2 Non AC Seater,10:35,17:50,07h 15m,469,37 Seats available,,Shimla to Kullu,https://www.redbus.in/bus-tickets/shimla-to-kullu
HRTC - 294,Ordinary 3+2 Non AC Seater,12:02,19:40,07h 38m,469,27 Seats available,,Shimla to Kullu,https://www.redbus.in/bus-tickets/shimla-to-kullu
HRTC - 287,Ordinary 3+2 Non AC Seater,15:30,23:20,07h 50m,469,39 Seats available,,Shimla to Kullu,https://www.redbus.in/bus-tickets/shimla-to-kullu
HRTC - 290,Ordinary 3+2 Non AC Seater,19:00,03:55,08h 55m,495,25 Seats available,,Shimla to Kullu,https://www.redbus.in/bus-tickets/shimla-to-kullu
HRTC - 291,Himmani Deluxe 2+2 Non AC Seater,20:20,03:00,06h 40m,545,27 Seats available,,Shimla to Kullu,https://www.redbus.in/bus-tickets/shimla-to-kullu
HRTC - 154,Himsuta AC Seater Volvo/Scania 2+2,21:00,04:50,07h 50m,818,23 Seats available,,Shimla to Kullu,https://www.redbus.in/bus-tickets/shimla-to-kullu
KRISHNA TRANSPORT SHIMLA,NON A/C Seater Push Back (2+2),08:20,16:00,07h 40m,585,15 Seats available,,Shimla to Kullu,https://www.redbus.in/bus-tickets/shimla-to-kullu
HRTC - 916,Ordinary 3+2 Non AC Seater,05:00,17:00,12h 00m,598,27 Seats available,,Dharamshala (Himachal Pradesh) to Shimla,https://www.redbus.in/bus-tickets/dharamshala-to-shimla
HRTC - 910,Ordinary 3+2 Non AC Seater,05:30,13:30,08h 00m,528,25 Seats available,,Dharamshala (Himachal Pradesh) to Shimla,https://www.redbus.in/bus-tickets/dharamshala-to-shimla
HRTC - 920,Ordinary 3+2 Non AC Seater,06:00,14:00,08h 00m,526,35 Seats available,,Dharamshala (Himachal Pradesh) to Shimla,https://www.redbus.in/bus-tickets/dharamshala-to-shimla
HRTC - 908,Ordinary 3+2 Non AC Seater,07:50,16:30,08h 40m,543,36 Seats available,,Dharamshala (Himachal Pradesh) to Shimla,https://www.redbus.in/bus-tickets/dharamshala-to-shimla
HRTC - 933,Ordinary 3+2 Non AC Seater,08:00,22:45,14h 45m,730,37 Seats available,,Dharamshala (Himachal Pradesh) to Shimla,https://www.redbus.in/bus-tickets/dharamshala-to-shimla
HRTC - 909,Ordinary 3+2 Non AC Seater,12:00,22:20,10h 20m,528,35 Seats available,,Dharamshala (Himachal Pradesh) to Shimla,https://www.redbus.in/bus-tickets/dharamshala-to-shimla
HRTC - 633,Ordinary 3+2 Non AC Seater,19:45,04:40,08h 55m,528,25 Seats available,,Dharamshala (Himachal Pradesh) to Shimla,https://www.redbus.in/bus-tickets/dharamshala-to-shimla
HRTC - 907,Himsuta AC Seater Volvo/Scania 2+2,22:00,06:20,08h 20m,880,29 Seats available,,Dharamshala (Himachal Pradesh) to Shimla,https://www.redbus.in/bus-tickets/dharamshala-to-shimla
NEW PREM BUS SERVICE,NON A/C Seater (2+3),09:37,19:05,09h 28m,530,51 Seats available,,Dharamshala (Himachal Pradesh) to Shimla,https://www.redbus.in/bus-tickets/dharamshala-to-shimla
NEW PREM BUS SERVICE,NON A/C Seater (2+3),09:38,19:30,09h 52m,530,52 Seats available,,Dharamshala (Himachal Pradesh) to Shimla,https://www.redbus.in/bus-tickets/dharamshala-to-shimla
NEW PREM BUS SERVICE,NON A/C Seater (2+3),06:30,16:25,09h 55m,530,52 Seats available,,Dharamshala (Himachal Pradesh) to Shimla,https://www.redbus.in/bus-tickets/dharamshala-to-shimla
NEW PREM BUS SERVICE,NON A/C Seater (2+3),07:00,19:00,12h 00m,620,52 Seats available,,Dharamshala (Himachal Pradesh) to Shimla,https://www.redbus.in/bus-tickets/dharamshala-to-shimla
IntrCity SmartBus,Volvo 9600 A/C Semi Sleeper (2+2),23:55,06:20,06h 25m,959,20 Seats available,,Bilaspur (Himachal Pradesh) to Delhi,https://www.redbus.in/bus-tickets/bilaspur-himachal-pradesh-to-delhi
Laxmi holidays,Volvo 9600 A/C Semi Sleeper (2+2),20:40,03:30,06h 50m,799,19 Seats available,,Bilaspur (Himachal Pradesh) to Delhi,https://www.redbus.in/bus-tickets/bilaspur-himachal-pradesh-to-delhi
IntrCity SmartBus,Volvo 9600 A/C Semi Sleeper (2+2),21:45,05:05,07h 20m,969,20 Seats available,,Bilaspur (Himachal Pradesh) to Delhi,https://www.redbus.in/bus-tickets/bilaspur-himachal-pradesh-to-delhi
Laxmi holidays,Volvo 9600 A/C Semi Sleeper (2+2),22:30,04:45,06h 15m,799,25 Seats available,,Bilaspur (Himachal Pradesh) to Delhi,https://www.redbus.in/bus-tickets/bilaspur-himachal-pradesh-to-delhi
Deltin Travels Pvt Ltd,Volvo 9600 A/C Semi Sleeper (2+2),23:00,05:30,06h 30m,720,31 Seats available,,Bilaspur (Himachal Pradesh) to Delhi,https://www.redbus.in/bus-tickets/bilaspur-himachal-pradesh-to-delhi
Reo India Travels,Volvo 9600 Multi Axle Semi-Sleeper (2+2),22:30,05:00,06h 30m,847,39 Seats available,,Bilaspur (Himachal Pradesh) to Delhi,https://www.redbus.in/bus-tickets/bilaspur-himachal-pradesh-to-delhi
IntrCity SmartBus,Volvo A/C Semi Sleeper (2+2),01:10,07:30,06h 20m,1259,3 Seats available,,Bilaspur (Himachal Pradesh) to Delhi,https://www.redbus.in/bus-tickets/bilaspur-himachal-pradesh-to-delhi
Reo India Travels,Volvo 9600 Multi Axle Semi-Sleeper (2+2),20:50,03:15,06h 25m,847,33 Seats available,,Bilaspur (Himachal Pradesh) to Delhi,https://www.redbus.in/bus-tickets/bilaspur-himachal-pradesh-to-delhi
City Land Travels,Volvo A/C Semi Sleeper (2+2),22:50,04:30,05h 40m,763,24 Seats available,,Bilaspur (Himachal Pradesh) to Delhi,https://www.redbus.in/bus-tickets/bilaspur-himachal-pradesh-to-delhi
PAL Travel Lines,Volvo A/C Semi Sleeper (2+2),23:00,04:30,05h 30m,764,9 Seats available,,Bilaspur (Himachal Pradesh) to Delhi,https://www.redbus.in/bus-tickets/bilaspur-himachal-pradesh-to-delhi
